age,workclass,,education,educational-num,marital-status,occupation,relationship,race,gender,capital-gain,capital-loss,hours-per-week,native-country
39,Self-emp-not-inc,,HS-grad,9,Married-civ-spouse,Craft-repair,Husband,White,Male,0,0,40,Portugal
32,Private,,Assoc-acdm,12,Married-civ-spouse,Craft-repair,Husband,White,Male,0,0,42,United-States
47,Private,,HS-grad,9,Married-civ-spouse,Craft-repair,Husband,Black,Male,0,0,40,United-States
19,Private,,12th,8,Never-married,Handlers-cleaners,Own-child,White,Male,0,0,20,United-States
46,Self-emp-not-inc,,HS-grad,9,Married-civ-spouse,Farming-fishing,Husband,White,Male,0,0,40,United-States
45,Private,,Bachelors,13,Married-civ-spouse,Prof-specialty,Husband,White,Male,0,0,50,United-States
34,Private,,Bachelors,13,Never-married,Sales,Not-in-family,White,Male,0,0,20,United-States
38,Self-emp-inc,,Prof-school,15,Never-married,Sales,Not-in-family,White,Female,0,0,45,United-States
40,Private,,Masters,14,Never-married,Exec-managerial,Not-in-family,White,Female,0,0,40,United-States
47,Private,,HS-grad,9,Divorced,Exec-managerial,Not-in-family,Amer-Indian-Eskimo,Female,3325,0,45,United-States
35,Private,,Bachelors,13,Never-married,Prof-specialty,Not-in-family,White,Female,0,0,40,United-States
23,Private,,Some-college,10,Never-married,Adm-clerical,Unmarried,Other,Female,0,0,40,United-States
53,Private,,HS-grad,9,Widowed,Machine-op-inspct,Unmarried,Black,Female,0,0,38,United-States
58,Self-emp-not-inc,,HS-grad,9,Married-civ-spouse,Sales,Husband,White,Male,0,0,40,United-States
47,Federal-gov,,Doctorate,16,Married-civ-spouse,Prof-specialty,Husband,White,Male,0,0,40,United-States
42,State-gov,,HS-grad,9,Never-married,Protective-serv,Not-in-family,White,Male,0,0,40,United-States
41,Federal-gov,,HS-grad,9,Divorced,Protective-serv,Unmarried,Black,Male,1506,0,40,United-States
38,Local-gov,,Some-college,10,Married-civ-spouse,Protective-serv,Husband,White,Male,0,0,40,United-States
56,Private,,Masters,14,Married-civ-spouse,Prof-specialty,Husband,White,Male,0,0,60,United-States
48,State-gov,,Masters,14,Married-civ-spouse,Prof-specialty,Husband,White,Male,15024,0,40,United-States
36,Private,,Some-college,10,Divorced,Exec-managerial,Unmarried,Black,Female,0,0,38,United-States
40,Private,,HS-grad,9,Married-civ-spouse,Machine-op-inspct,Husband,White,Male,0,0,40,United-States
45,Self-emp-not-inc,,Bachelors,13,Married-civ-spouse,Sales,Husband,White,Male,0,0,40,United-States
40,State-gov,,Masters,14,Married-civ-spouse,Prof-specialty,Husband,White,Male,0,0,58,United-States
33,Private,,12th,8,Never-married,Protective-serv,Own-child,Black,Male,0,0,40,United-States
26,Private,,HS-grad,9,Never-married,Adm-clerical,Not-in-family,White,Male,0,0,40,United-States
35,Self-emp-not-inc,,HS-grad,9,Married-civ-spouse,Craft-repair,Husband,White,Male,0,0,60,United-States
37,Private,,HS-grad,9,Divorced,Machine-op-inspct,Not-in-family,White,Male,0,0,40,United-States
22,Private,,7th-8th,4,Married-civ-spouse,Machine-op-inspct,Husband,White,Male,0,0,40,Mexico
57,Private,,HS-grad,9,Married-civ-spouse,Tech-support,Husband,Black,Male,0,1887,40,Trinadad&Tobago
49,Private,,12th,8,Married-civ-spouse,Craft-repair,Husband,White,Male,0,0,40,United-States
38,Private,,Masters,14,Married-civ-spouse,Craft-repair,Husband,White,Male,0,0,50,Poland
24,Private,,Some-college,10,Never-married,Machine-op-inspct,Not-in-family,White,Female,0,0,24,Mexico
27,Private,,Some-college,10,Never-married,Sales,Other-relative,White,Male,0,0,40,United-States
35,Self-emp-not-inc,,Bachelors,13,Married-civ-spouse,Farming-fishing,Husband,White,Male,0,0,45,United-States
25,Private,,HS-grad,9,Never-married,Prof-specialty,Own-child,White,Male,0,0,40,United-States
38,Private,,Bachelors,13,Divorced,Exec-managerial,Not-in-family,White,Male,6849,0,60,United-States
47,Private,,Some-college,10,Married-civ-spouse,Other-service,Husband,White,Male,0,0,47,United-States
53,Private,,Some-college,10,Married-civ-spouse,Exec-managerial,Husband,White,Male,0,1977,40,United-States
28,Self-emp-not-inc,,HS-grad,9,Married-civ-spouse,Farming-fishing,Husband,White,Male,0,0,70,United-States
42,Private,,Bachelors,13,Married-civ-spouse,Adm-clerical,Wife,White,Female,0,0,40,United-States
22,Private,,HS-grad,9,Never-married,Sales,Own-child,Black,Female,0,0,35,United-States
29,Private,,Bachelors,13,Married-civ-spouse,Exec-managerial,Wife,White,Female,0,2057,35,United-States
26,Private,,Bachelors,13,Never-married,Sales,Not-in-family,White,Female,0,0,55,United-States
58,Self-emp-inc,,HS-grad,9,Married-civ-spouse,Sales,Husband,White,Male,0,0,55,United-States
26,Private,,10th,6,Never-married,Adm-clerical,Not-in-family,Black,Male,0,0,20,United-States
28,Private,,Preschool,1,Never-married,Farming-fishing,Not-in-family,White,Male,0,0,38,Mexico
30,Private,,Some-college,10,Never-married,Sales,Not-in-family,White,Female,0,0,45,United-States
37,Local-gov,,Some-college,10,Married-civ-spouse,Transport-moving,Husband,White,Male,0,0,30,United-States
50,Private,,Masters,14,Married-civ-spouse,Exec-managerial,Husband,White,Male,0,0,55,United-States
24,Private,,Bachelors,13,Never-married,Transport-moving,Own-child,White,Male,0,0,20,United-States
58,Private,,Some-college,10,Married-civ-spouse,Transport-moving,Husband,White,Male,0,0,70,United-States
38,Private,,Bachelors,13,Married-civ-spouse,Prof-specialty,Wife,White,Female,7688,0,40,United-States
24,Private,,HS-grad,9,Married-civ-spouse,Adm-clerical,Husband,White,Male,0,0,40,United-States
30,Federal-gov,,Bachelors,13,Married-civ-spouse,Prof-specialty,Husband,White,Male,0,0,40,United-States
25,Private,,HS-grad,9,Never-married,Farming-fishing,Own-child,White,Male,0,0,40,United-States
32,Local-gov,,HS-grad,9,Married-civ-spouse,Transport-moving,Wife,White,Female,4064,0,22,United-States
24,Private,,Assoc-voc,11,Never-married,Transport-moving,Not-in-family,White,Male,0,0,40,United-States
28,Private,,Bachelors,13,Never-married,Transport-moving,Unmarried,White,Male,0,0,20,United-States
33,Private,,Some-college,10,Never-married,Adm-clerical,Unmarried,Black,Female,0,0,35,United-States
31,Private,,Some-college,10,Married-civ-spouse,Prof-specialty,Wife,White,Female,3908,0,40,United-States
39,Private,,HS-grad,9,Never-married,Prof-specialty,Not-in-family,White,Male,0,0,50,United-States
25,Private,,HS-grad,9,Divorced,Machine-op-inspct,Not-in-family,Black,Male,0,0,40,United-States
48,Private,,HS-grad,9,Married-civ-spouse,Craft-repair,Husband,White,Male,0,0,46,United-States
34,Private,,HS-grad,9,Never-married,Adm-clerical,Own-child,White,Male,0,0,40,United-States
22,Private,,Some-college,10,Never-married,Adm-clerical,Not-in-family,White,Female,0,0,30,United-States
20,Local-gov,,Some-college,10,Never-married,Protective-serv,Own-child,White,Male,0,0,25,United-States
32,Private,,Bachelors,13,Never-married,Prof-specialty,Not-in-family,White,Male,0,0,40,United-States
39,Self-emp-not-inc,,Masters,14,Never-married,Prof-specialty,Not-in-family,White,Female,0,0,50,Columbia
45,Private,,HS-grad,9,Married-civ-spouse,Prof-specialty,Husband,Amer-Indian-Eskimo,Male,0,0,8,United-States
23,Private,,HS-grad,9,Never-married,Adm-clerical,Own-child,Black,Female,0,0,40,United-States
42,Private,,HS-grad,9,Married-civ-spouse,Handlers-cleaners,Husband,White,Male,0,0,60,United-States
35,Private,,Bachelors,13,Divorced,Sales,Not-in-family,White,Female,0,0,40,United-States
65,Private,,Bachelors,13,Divorced,Adm-clerical,Not-in-family,White,Female,0,0,40,United-States
33,Local-gov,,Some-college,10,Married-civ-spouse,Protective-serv,Husband,White,Male,0,0,40,United-States
39,Self-emp-not-inc,,Bachelors,13,Married-civ-spouse,Craft-repair,Other-relative,White,Male,0,0,35,United-States
44,Local-gov,,HS-grad,9,Divorced,Craft-repair,Unmarried,Black,Male,0,0,40,United-States
36,Private,,Some-college,10,Never-married,Transport-moving,Not-in-family,White,Male,0,0,50,Puerto-Rico
30,Local-gov,,Assoc-voc,11,Divorced,Protective-serv,Unmarried,Amer-Indian-Eskimo,Female,0,0,40,United-States
44,Private,,7th-8th,4,Married-civ-spouse,Transport-moving,Husband,White,Male,0,0,20,United-States
45,Self-emp-inc,,Assoc-acdm,12,Divorced,Exec-managerial,Not-in-family,White,Female,0,1590,40,United-States
58,Private,,Some-college,10,Married-civ-spouse,Sales,Husband,White,Male,0,0,12,United-States
23,State-gov,,Some-college,10,Never-married,Adm-clerical,Own-child,Black,Male,0,0,20,United-States
60,Private,,Some-college,10,Married-civ-spouse,Craft-repair,Husband,White,Male,15024,0,48,United-States
71,Private,,HS-grad,9,Widowed,Prof-specialty,Not-in-family,White,Female,0,0,40,United-States
46,Private,,Some-college,10,Married-civ-spouse,Protective-serv,Husband,Black,Male,0,0,40,United-States
45,Private,,Bachelors,13,Divorced,Prof-specialty,Unmarried,White,Female,0,0,40,United-States
55,Private,,Bachelors,13,Married-civ-spouse,Exec-managerial,Husband,White,Male,7298,0,60,United-States
33,Private,,HS-grad,9,Divorced,Craft-repair,Own-child,White,Male,0,0,40,United-States
35,Private,,11th,7,Never-married,Sales,Not-in-family,White,Male,0,0,45,United-States
46,Private,,Prof-school,15,Married-civ-spouse,Craft-repair,Husband,White,Male,0,0,40,United-States
19,Private,,Some-college,10,Never-married,Other-service,Own-child,White,Male,0,0,20,United-States
47,Local-gov,,Assoc-voc,11,Divorced,Adm-clerical,Not-in-family,White,Female,0,0,40,United-States
31,Local-gov,,HS-grad,9,Married-civ-spouse,Craft-repair,Husband,White,Male,0,0,70,United-States
62,Local-gov,,Some-college,10,Divorced,Prof-specialty,Not-in-family,Amer-Indian-Eskimo,Male,0,0,40,United-States
34,Private,,7th-8th,4,Married-civ-spouse,Transport-moving,Husband,White,Male,0,0,40,United-States
37,Private,,Bachelors,13,Married-civ-spouse,Craft-repair,Husband,Asian-Pac-Islander,Male,0,0,40,Cambodia
44,Private,,9th,5,Never-married,Other-service,Unmarried,Black,Female,0,0,40,United-States
46,Private,,Bachelors,13,Married-civ-spouse,Exec-managerial,Husband,White,Male,0,0,60,United-States
47,Private,,Bachelors,13,Married-civ-spouse,Sales,Husband,White,Male,15024,0,45,United-States
63,Self-emp-not-inc,,Bachelors,13,Married-civ-spouse,Sales,Husband,White,Male,10605,0,40,United-States
27,Local-gov,,HS-grad,9,Married-civ-spouse,Handlers-cleaners,Other-relative,White,Male,0,0,50,United-States
67,Private,,HS-grad,9,Divorced,Sales,Not-in-family,White,Female,0,0,20,United-States
23,State-gov,,Some-college,10,Never-married,Protective-serv,Not-in-family,White,Male,0,0,15,United-States
23,Private,,Some-college,10,Never-married,Craft-repair,Own-child,White,Male,0,0,30,United-States
24,Private,,Assoc-acdm,12,Never-married,Adm-clerical,Not-in-family,White,Male,0,0,30,United-States
22,Private,,HS-grad,9,Never-married,Adm-clerical,Other-relative,Black,Male,0,0,40,United-States
30,Self-emp-not-inc,,HS-grad,9,Married-civ-spouse,Craft-repair,Husband,White,Male,0,0,40,United-States
25,Private,,11th,7,Never-married,Machine-op-inspct,Own-child,Black,Female,0,0,40,United-States
66,Private,,HS-grad,9,Widowed,Sales,Other-relative,White,Female,0,0,8,United-States
19,Private,,12th,8,Never-married,Sales,Own-child,White,Female,0,0,18,United-States
38,Private,,Some-college,10,Married-civ-spouse,Craft-repair,Husband,White,Male,0,0,40,United-States
40,Private,,Prof-school,15,Married-civ-spouse,Prof-specialty,Husband,White,Male,0,0,40,United-States
73,Self-emp-inc,,Some-college,10,Divorced,Exec-managerial,Not-in-family,White,Female,0,0,40,United-States
33,Private,,11th,7,Never-married,Adm-clerical,Unmarried,Black,Female,0,0,38,United-States
43,Private,,Masters,14,Married-civ-spouse,Exec-managerial,Husband,White,Male,0,0,50,United-States
29,Private,,Masters,14,Never-married,Transport-moving,Own-child,Black,Male,0,0,40,United-States
41,Federal-gov,,Some-college,10,Married-civ-spouse,Exec-managerial,Husband,White,Male,0,0,40,United-States
34,State-gov,,Masters,14,Married-civ-spouse,Machine-op-inspct,Husband,White,Male,0,1848,40,United-States
45,Private,,HS-grad,9,Married-civ-spouse,Exec-managerial,Husband,White,Male,0,0,45,United-States
36,Private,,HS-grad,9,Separated,Craft-repair,Own-child,White,Male,0,0,40,United-States
33,Private,,Some-college,10,Never-married,Adm-clerical,Not-in-family,White,Male,0,0,40,United-States
24,Private,,Some-college,10,Never-married,Other-service,Own-child,White,Male,0,0,20,Canada
45,Private,,Bachelors,13,Never-married,Craft-repair,Not-in-family,White,Male,0,0,40,United-States
34,Self-emp-not-inc,,HS-grad,9,Married-civ-spouse,Exec-managerial,Husband,White,Male,0,0,40,United-States
22,Private,,HS-grad,9,Married-civ-spouse,Sales,Husband,White,Male,0,0,42,United-States
49,Federal-gov,,Some-college,10,Married-civ-spouse,Adm-clerical,Husband,White,Male,0,0,40,United-States
37,Self-emp-inc,,Some-college,10,Married-civ-spouse,Exec-managerial,Husband,Asian-Pac-Islander,Male,0,0,75,Thailand
44,Federal-gov,,HS-grad,9,Divorced,Craft-repair,Not-in-family,White,Male,0,0,40,United-States
47,Private,,HS-grad,9,Married-civ-spouse,Craft-repair,Husband,White,Male,0,0,40,United-States
36,Private,,Bachelors,13,Divorced,Prof-specialty,Not-in-family,White,Female,0,0,50,United-States
28,Private,,HS-grad,9,Never-married,Handlers-cleaners,Own-child,White,Male,0,0,40,United-States
33,Private,,Some-college,10,Divorced,Adm-clerical,Not-in-family,Black,Female,0,0,40,United-States
19,Private,,HS-grad,9,Never-married,Sales,Own-child,White,Male,0,0,50,United-States
24,Private,,10th,6,Never-married,Sales,Unmarried,White,Female,0,0,40,United-States
30,Private,,Assoc-acdm,12,Divorced,Adm-clerical,Not-in-family,White,Female,0,0,25,United-States
32,Private,,Assoc-voc,11,Divorced,Adm-clerical,Not-in-family,White,Male,0,0,40,United-States
32,Private,,Some-college,10,Never-married,Machine-op-inspct,Unmarried,White,Female,0,0,40,United-States
65,Private,,HS-grad,9,Divorced,Adm-clerical,Not-in-family,White,Female,0,0,40,United-States
32,Private,,HS-grad,9,Married-civ-spouse,Sales,Husband,White,Male,7298,0,40,United-States
48,Private,,Bachelors,13,Married-civ-spouse,Exec-managerial,Husband,White,Male,0,0,48,United-States
31,Private,,Bachelors,13,Married-civ-spouse,Craft-repair,Husband,White,Male,0,0,44,United-States
23,Private,,Some-college,10,Never-married,Adm-clerical,Not-in-family,White,Female,0,0,40,United-States
24,Private,,Bachelors,13,Never-married,Exec-managerial,Own-child,White,Female,0,0,15,United-States
56,Local-gov,,12th,8,Never-married,Handlers-cleaners,Not-in-family,White,Male,0,0,40,United-States
38,Self-emp-inc,,Bachelors,13,Married-civ-spouse,Prof-specialty,Husband,White,Male,0,0,70,United-States
19,Private,,HS-grad,9,Never-married,Adm-clerical,Own-child,White,Female,0,0,20,United-States
25,Private,,Bachelors,13,Never-married,Prof-specialty,Own-child,White,Male,0,0,40,United-States
39,Private,,Bachelors,13,Married-civ-spouse,Adm-clerical,Husband,White,Male,0,0,45,United-States
62,Private,,HS-grad,9,Divorced,Priv-house-serv,Not-in-family,Black,Female,0,0,20,United-States
37,Private,,Bachelors,13,Married-civ-spouse,Exec-managerial,Husband,White,Male,0,0,40,United-States
57,Self-emp-inc,,Prof-school,15,Married-civ-spouse,Transport-moving,Husband,White,Male,15024,0,50,United-States
75,Private,,11th,7,Married-civ-spouse,Protective-serv,Husband,Black,Male,6418,0,50,United-States
50,Private,,HS-grad,9,Married-civ-spouse,Transport-moving,Husband,White,Male,0,0,40,United-States
25,Private,,HS-grad,9,Never-married,Machine-op-inspct,Own-child,White,Male,0,0,40,United-States
49,Self-emp-not-inc,,Assoc-voc,11,Married-civ-spouse,Exec-managerial,Husband,White,Male,0,0,40,United-States
32,Self-emp-not-inc,,HS-grad,9,Married-civ-spouse,Farming-fishing,Husband,White,Male,5013,0,65,United-States
28,Private,,Bachelors,13,Widowed,Other-service,Own-child,White,Male,0,1974,50,United-States
46,Self-emp-not-inc,,Bachelors,13,Married-civ-spouse,Sales,Husband,White,Male,0,1902,40,United-States
33,Private,,HS-grad,9,Married-civ-spouse,Adm-clerical,Wife,White,Female,0,0,35,United-States
48,Private,,Assoc-acdm,12,Married-civ-spouse,Transport-moving,Husband,White,Male,0,0,45,United-States
52,Private,,Preschool,1,Married-civ-spouse,Machine-op-inspct,Husband,White,Male,0,0,40,El-Salvador
23,Local-gov,,Bachelors,13,Never-married,Prof-specialty,Own-child,White,Female,0,0,45,United-States
57,Private,,HS-grad,9,Separated,Other-service,Unmarried,Amer-Indian-Eskimo,Female,0,0,40,United-States
31,Private,,Some-college,10,Never-married,Craft-repair,Not-in-family,White,Male,0,0,40,United-States
44,Self-emp-not-inc,,HS-grad,9,Married-civ-spouse,Farming-fishing,Husband,White,Male,15024,0,60,United-States
31,Self-emp-not-inc,,10th,6,Never-married,Transport-moving,Not-in-family,White,Male,0,2205,60,United-States
23,Private,,Some-college,10,Divorced,Adm-clerical,Not-in-family,White,Male,0,0,40,United-States
28,Private,,Bachelors,13,Never-married,Sales,Not-in-family,White,Male,0,0,40,United-States
54,Private,,7th-8th,4,Married-civ-spouse,Machine-op-inspct,Husband,White,Male,0,0,40,United-States
31,Private,,HS-grad,9,Never-married,Machine-op-inspct,Not-in-family,White,Female,0,0,40,United-States
59,Private,,HS-grad,9,Married-civ-spouse,Exec-managerial,Husband,White,Male,0,1887,40,United-States
34,Private,,Some-college,10,Divorced,Machine-op-inspct,Not-in-family,White,Female,0,0,40,United-States
21,Local-gov,,HS-grad,9,Never-married,Other-service,Not-in-family,White,Female,0,0,22,United-States
18,Private,,Some-college,10,Never-married,Adm-clerical,Own-child,White,Male,0,1602,15,United-States
43,Self-emp-not-inc,,Prof-school,15,Married-civ-spouse,Prof-specialty,Wife,White,Female,0,0,5,United-States
35,Self-emp-not-inc,,HS-grad,9,Married-civ-spouse,Exec-managerial,Husband,White,Male,0,0,35,United-States
30,Private,,HS-grad,9,Never-married,Craft-repair,Own-child,White,Male,0,0,50,United-States
42,Local-gov,,Masters,14,Divorced,Prof-specialty,Unmarried,White,Female,0,0,45,United-States
40,Private,,12th,8,Divorced,Craft-repair,Not-in-family,White,Male,0,0,40,United-States
48,Private,,10th,6,Married-civ-spouse,Craft-repair,Husband,White,Male,0,0,30,United-States
35,Self-emp-inc,,Assoc-voc,11,Married-civ-spouse,Craft-repair,Husband,White,Male,0,0,55,United-States
28,Private,,Bachelors,13,Never-married,Sales,Not-in-family,White,Female,0,0,48,United-States
49,Self-emp-inc,,Some-college,10,Married-civ-spouse,Exec-managerial,Husband,White,Male,0,0,50,United-States
45,Private,,Assoc-acdm,12,Divorced,Prof-specialty,Unmarried,White,Female,0,0,50,United-States
21,Private,,Some-college,10,Never-married,Sales,Own-child,White,Male,0,0,20,United-States
20,Private,,Some-college,10,Never-married,Sales,Own-child,White,Male,0,0,20,United-States
30,Self-emp-inc,,Some-college,10,Married-civ-spouse,Exec-managerial,Wife,White,Female,0,0,25,United-States
49,Local-gov,,HS-grad,9,Divorced,Adm-clerical,Not-in-family,White,Female,594,0,10,United-States
21,State-gov,,Some-college,10,Never-married,Exec-managerial,Own-child,White,Female,0,0,20,United-States
27,Local-gov,,Some-college,10,Married-civ-spouse,Adm-clerical,Own-child,White,Female,0,0,40,United-States
42,Self-emp-not-inc,,Bachelors,13,Divorced,Prof-specialty,Unmarried,White,Female,0,0,30,United-States
45,Private,,Some-college,10,Divorced,Adm-clerical,Not-in-family,White,Female,0,0,40,United-States
48,Federal-gov,,HS-grad,9,Divorced,Adm-clerical,Not-in-family,White,Male,0,0,40,United-States
55,Private,,11th,7,Married-spouse-absent,Other-service,Unmarried,Black,Female,0,0,40,Jamaica
48,Private,,HS-grad,9,Divorced,Adm-clerical,Not-in-family,White,Female,0,0,30,United-States
25,Private,,HS-grad,9,Never-married,Tech-support,Not-in-family,White,Male,0,0,40,United-States
21,Private,,Some-college,10,Never-married,Other-service,Own-child,White,Male,0,0,35,Italy
26,Private,,Some-college,10,Divorced,Prof-specialty,Not-in-family,White,Female,0,0,40,United-States
28,Private,,Bachelors,13,Never-married,Handlers-cleaners,Own-child,White,Male,0,0,40,United-States
49,Private,,Some-college,10,Married-civ-spouse,Craft-repair,Husband,White,Male,0,1887,40,United-States
30,Private,,HS-grad,9,Never-married,Handlers-cleaners,Unmarried,Black,Male,0,0,72,United-States
35,Private,,Some-college,10,Married-civ-spouse,Tech-support,Husband,White,Male,0,0,40,United-States
31,Private,,Bachelors,13,Married-civ-spouse,Sales,Husband,White,Male,0,0,55,United-States
47,Local-gov,,Some-college,10,Never-married,Adm-clerical,Not-in-family,Black,Male,0,0,40,United-States
30,Private,,HS-grad,9,Married-civ-spouse,Transport-moving,Husband,White,Male,0,2057,40,United-States
54,Private,,Some-college,10,Married-civ-spouse,Sales,Husband,White,Male,3137,0,50,United-States
22,Federal-gov,,Some-college,10,Never-married,Adm-clerical,Not-in-family,White,Female,0,0,40,United-States
21,Private,,HS-grad,9,Never-married,Other-service,Unmarried,White,Female,0,0,40,United-States
20,Private,,Some-college,10,Never-married,Adm-clerical,Own-child,White,Female,0,0,24,United-States
22,Private,,Some-college,10,Never-married,Sales,Own-child,White,Male,0,0,20,United-States
41,Private,,HS-grad,9,Divorced,Exec-managerial,Unmarried,White,Female,0,0,40,United-States
30,Private,,HS-grad,9,Married-civ-spouse,Transport-moving,Husband,White,Male,5013,0,40,United-States
50,Local-gov,,Masters,14,Married-civ-spouse,Prof-specialty,Wife,White,Female,0,0,40,United-States
31,Private,,10th,6,Divorced,Craft-repair,Not-in-family,White,Male,0,0,38,United-States
23,Private,,Bachelors,13,Never-married,Prof-specialty,Not-in-family,White,Female,0,0,40,United-States
44,Private,,HS-grad,9,Divorced,Handlers-cleaners,Not-in-family,White,Female,0,0,48,United-States
38,State-gov,,10th,6,Separated,Adm-clerical,Unmarried,Black,Female,0,0,40,United-States
27,Federal-gov,,Some-college,10,Divorced,Adm-clerical,Other-relative,Black,Female,0,0,50,United-States
32,Private,,Some-college,10,Never-married,Machine-op-inspct,Other-relative,White,Male,0,0,55,Ecuador
48,Private,,Bachelors,13,Married-civ-spouse,Adm-clerical,Wife,White,Female,0,0,50,United-States
29,Self-emp-not-inc,,Some-college,10,Married-civ-spouse,Craft-repair,Husband,White,Male,0,0,35,United-States
46,Private,,HS-grad,9,Married-civ-spouse,Machine-op-inspct,Husband,White,Male,0,1887,40,United-States
31,Self-emp-not-inc,,HS-grad,9,Married-civ-spouse,Exec-managerial,Husband,White,Male,0,0,50,United-States
46,Local-gov,,HS-grad,9,Married-civ-spouse,Protective-serv,Husband,White,Male,7688,0,96,United-States
47,Local-gov,,Masters,14,Married-civ-spouse,Prof-specialty,Husband,White,Male,0,1887,50,United-States
24,State-gov,,Some-college,10,Married-civ-spouse,Adm-clerical,Wife,White,Female,0,0,45,United-States
24,Local-gov,,Some-college,10,Never-married,Protective-serv,Unmarried,Other,Male,1151,0,40,United-States
20,Self-emp-inc,,HS-grad,9,Never-married,Machine-op-inspct,Own-child,White,Female,0,0,30,United-States
30,Self-emp-inc,,Some-college,10,Married-civ-spouse,Sales,Husband,White,Male,0,0,50,United-States
45,Private,,Assoc-acdm,12,Divorced,Machine-op-inspct,Own-child,White,Male,0,0,40,United-States
62,Private,,7th-8th,4,Married-civ-spouse,Protective-serv,Husband,White,Male,0,0,91,United-States
47,Federal-gov,,Bachelors,13,Married-spouse-absent,Exec-managerial,Not-in-family,White,Female,0,0,40,United-States
30,Federal-gov,,Some-college,10,Never-married,Adm-clerical,Own-child,Black,Female,0,0,40,United-States
33,Private,,Some-college,10,Separated,Adm-clerical,Unmarried,White,Female,0,0,40,United-States
32,Private,,HS-grad,9,Never-married,Other-service,Own-child,Black,Female,0,0,40,United-States
45,State-gov,,Masters,14,Divorced,Prof-specialty,Not-in-family,White,Female,0,0,45,United-States
21,Private,,HS-grad,9,Never-married,Craft-repair,Own-child,White,Male,0,0,40,Mexico
33,Self-emp-not-inc,,HS-grad,9,Married-civ-spouse,Farming-fishing,Husband,White,Male,0,0,94,United-States
29,Private,,Prof-school,15,Divorced,Prof-specialty,Own-child,White,Female,2174,0,72,United-States
54,State-gov,,Some-college,10,Divorced,Adm-clerical,Not-in-family,White,Female,0,0,38,United-States
36,Private,,Some-college,10,Married-civ-spouse,Craft-repair,Husband,White,Male,0,0,40,United-States
58,Private,,HS-grad,9,Married-civ-spouse,Machine-op-inspct,Husband,White,Male,0,0,40,United-States
25,Private,,Bachelors,13,Married-civ-spouse,Prof-specialty,Wife,Black,Female,0,0,40,United-States
27,Private,,11th,7,Married-civ-spouse,Handlers-cleaners,Husband,White,Male,0,0,40,United-States
29,Self-emp-not-inc,,Assoc-acdm,12,Married-civ-spouse,Tech-support,Husband,White,Male,0,0,60,United-States
47,Private,,Bachelors,13,Married-civ-spouse,Exec-managerial,Husband,White,Male,0,0,60,United-States
35,Private,,Bachelors,13,Married-civ-spouse,Sales,Husband,White,Male,0,0,40,United-States
57,Private,,Some-college,10,Married-civ-spouse,Exec-managerial,Husband,White,Male,0,1672,45,United-States
42,Private,,Some-college,10,Separated,Machine-op-inspct,Unmarried,Black,Female,0,0,40,United-States
34,Private,,HS-grad,9,Never-married,Prof-specialty,Not-in-family,White,Female,0,1669,45,United-States
36,Private,,HS-grad,9,Separated,Adm-clerical,Own-child,Asian-Pac-Islander,Female,0,0,40,Philippines
37,Private,,Bachelors,13,Married-civ-spouse,Prof-specialty,Other-relative,White,Male,0,0,40,United-States
31,Private,,Some-college,10,Separated,Other-service,Unmarried,White,Female,0,0,50,Mexico
42,Private,,7th-8th,4,Married-spouse-absent,Prof-specialty,Other-relative,White,Male,0,0,35,Puerto-Rico
40,Private,,HS-grad,9,Never-married,Other-service,Own-child,White,Male,0,0,25,United-States
46,Federal-gov,,Masters,14,Married-civ-spouse,Armed-Forces,Husband,White,Male,0,1887,40,United-States
44,Private,,12th,8,Divorced,Machine-op-inspct,Unmarried,White,Female,0,0,40,United-States
22,Private,,HS-grad,9,Never-married,Other-service,Own-child,White,Male,0,0,40,United-States
45,Private,,1st-4th,2,Married-civ-spouse,Other-service,Wife,White,Female,0,0,40,United-States
47,Local-gov,,Assoc-acdm,12,Separated,Adm-clerical,Unmarried,Black,Female,0,0,40,United-States
23,Local-gov,,Some-college,10,Never-married,Protective-serv,Own-child,White,Male,0,0,40,United-States
22,Private,,Assoc-voc,11,Never-married,Other-service,Own-child,Black,Female,0,0,36,United-States
26,State-gov,,Masters,14,Never-married,Prof-specialty,Not-in-family,White,Female,0,0,40,United-States
21,Private,,Some-college,10,Never-married,Adm-clerical,Own-child,Black,Male,0,0,20,United-States
66,Self-emp-not-inc,,Assoc-voc,11,Married-civ-spouse,Prof-specialty,Husband,White,Male,0,0,50,United-States
42,Private,,HS-grad,9,Never-married,Other-service,Other-relative,Black,Male,0,0,40,United-States
41,Private,,HS-grad,9,Married-civ-spouse,Adm-clerical,Husband,Black,Male,0,0,45,United-States
32,Private,,HS-grad,9,Divorced,Craft-repair,Unmarried,White,Male,0,0,99,United-States
45,Private,,HS-grad,9,Divorced,Transport-moving,Not-in-family,White,Male,0,0,40,United-States
54,Private,,HS-grad,9,Married-civ-spouse,Handlers-cleaners,Husband,White,Male,0,0,40,United-States
26,Self-emp-not-inc,,Assoc-acdm,12,Never-married,Craft-repair,Not-in-family,White,Male,0,0,40,United-States
42,Private,,Bachelors,13,Separated,Other-service,Other-relative,Black,Male,0,0,50,United-States
31,Self-emp-inc,,Assoc-acdm,12,Married-civ-spouse,Sales,Husband,White,Male,0,0,40,United-States
39,Self-emp-not-inc,,HS-grad,9,Married-civ-spouse,Transport-moving,Husband,White,Male,0,0,30,United-States
33,Federal-gov,,Prof-school,15,Never-married,Prof-specialty,Not-in-family,White,Female,0,0,65,United-States
31,Private,,HS-grad,9,Never-married,Craft-repair,Own-child,White,Male,0,0,40,United-States
18,Private,,11th,7,Never-married,Prof-specialty,Own-child,White,Male,0,0,20,United-States
23,Private,,Some-college,10,Married-civ-spouse,Sales,Own-child,White,Female,0,0,16,United-States
27,Private,,Some-college,10,Married-civ-spouse,Craft-repair,Husband,White,Male,0,0,60,United-States
26,Private,,Bachelors,13,Never-married,Adm-clerical,Not-in-family,White,Female,0,0,40,United-States
49,Local-gov,,Masters,14,Separated,Prof-specialty,Unmarried,White,Female,0,0,70,United-States
24,Private,,Bachelors,13,Married-civ-spouse,Tech-support,Husband,White,Male,0,0,50,United-States
56,Private,,HS-grad,9,Divorced,Craft-repair,Unmarried,White,Male,0,0,35,United-States
28,Private,,11th,7,Never-married,Adm-clerical,Not-in-family,White,Male,0,0,40,United-States
31,Federal-gov,,HS-grad,9,Never-married,Adm-clerical,Not-in-family,White,Female,0,0,40,United-States
37,Private,,HS-grad,9,Married-civ-spouse,Craft-repair,Husband,White,Male,0,1628,40,United-States
23,Private,,Bachelors,13,Never-married,Prof-specialty,Own-child,White,Female,0,0,21,United-States
73,Self-emp-not-inc,,HS-grad,9,Married-civ-spouse,Sales,Wife,White,Female,0,0,25,United-States
45,State-gov,,HS-grad,9,Separated,Adm-clerical,Own-child,White,Female,0,0,40,United-States
35,Private,,9th,5,Married-civ-spouse,Machine-op-inspct,Husband,White,Male,0,0,40,Canada
59,Self-emp-not-inc,,10th,6,Married-civ-spouse,Exec-managerial,Husband,White,Male,0,0,36,United-States
31,Private,,Some-college,10,Married-civ-spouse,Transport-moving,Husband,White,Male,0,1579,45,El-Salvador
31,Local-gov,,Bachelors,13,Never-married,Prof-specialty,Own-child,White,Female,6849,0,40,United-States
39,Private,,Some-college,10,Divorced,Adm-clerical,Unmarried,White,Female,0,0,38,United-States
70,Private,,HS-grad,9,Divorced,Other-service,Not-in-family,White,Female,0,0,28,United-States
60,Self-emp-inc,,Some-college,10,Married-civ-spouse,Exec-managerial,Husband,White,Male,0,0,40,United-States
35,Private,,Prof-school,15,Married-civ-spouse,Prof-specialty,Husband,White,Male,0,1977,80,United-States
56,Private,,HS-grad,9,Divorced,Transport-moving,Not-in-family,White,Male,0,0,50,United-States
65,Private,,HS-grad,9,Widowed,Other-service,Unmarried,Black,Female,0,0,20,Jamaica
30,Private,,HS-grad,9,Married-civ-spouse,Craft-repair,Husband,White,Male,0,0,40,United-States
45,Private,,Some-college,10,Never-married,Other-service,Not-in-family,White,Male,0,0,40,United-States
40,Private,,HS-grad,9,Married-civ-spouse,Craft-repair,Husband,White,Male,0,0,40,United-States
39,Local-gov,,Masters,14,Divorced,Prof-specialty,Unmarried,White,Female,0,0,40,United-States
38,Federal-gov,,10th,6,Divorced,Adm-clerical,Unmarried,White,Female,0,1380,50,United-States
21,Private,,HS-grad,9,Never-married,Craft-repair,Unmarried,White,Male,0,0,35,United-States
59,Federal-gov,,HS-grad,9,Never-married,Exec-managerial,Other-relative,White,Female,0,0,40,United-States
30,Federal-gov,,Bachelors,13,Never-married,Prof-specialty,Not-in-family,White,Male,0,0,40,United-States
33,Private,,Assoc-acdm,12,Never-married,Other-service,Unmarried,Amer-Indian-Eskimo,Female,0,0,40,United-States
29,Private,,Assoc-acdm,12,Never-married,Sales,Not-in-family,White,Male,0,0,45,Mexico
46,Private,,Some-college,10,Married-civ-spouse,Craft-repair,Husband,White,Male,0,0,44,United-States
40,Private,,Masters,14,Married-civ-spouse,Exec-managerial,Husband,White,Male,0,0,50,United-States
35,Self-emp-not-inc,,11th,7,Married-civ-spouse,Craft-repair,Husband,White,Male,0,0,36,United-States
38,Private,,Bachelors,13,Married-civ-spouse,Craft-repair,Husband,White,Male,0,0,45,United-States
32,Private,,Assoc-voc,11,Never-married,Prof-specialty,Not-in-family,White,Female,0,0,38,United-States
52,Private,,HS-grad,9,Separated,Other-service,Other-relative,White,Female,0,0,20,United-States
62,Private,,HS-grad,9,Widowed,Craft-repair,Unmarried,Black,Female,0,0,40,United-States
48,Private,,Masters,14,Married-civ-spouse,Exec-managerial,Husband,White,Male,0,0,40,United-States
37,Private,,Bachelors,13,Married-civ-spouse,Exec-managerial,Husband,White,Male,0,0,50,United-States
29,Private,,Bachelors,13,Never-married,Handlers-cleaners,Own-child,White,Male,0,0,40,United-States
40,Private,,HS-grad,9,Married-civ-spouse,Adm-clerical,Wife,White,Female,0,0,30,United-States
60,Private,,Some-college,10,Married-civ-spouse,Sales,Husband,White,Male,7298,0,40,United-States
90,Private,,Masters,14,Married-civ-spouse,Prof-specialty,Wife,White,Female,0,0,40,United-States
37,Private,,HS-grad,9,Married-civ-spouse,Machine-op-inspct,Husband,White,Male,0,0,60,United-States
37,Local-gov,,Assoc-voc,11,Never-married,Adm-clerical,Not-in-family,White,Female,0,0,43,United-States
26,Private,,Some-college,10,Never-married,Transport-moving,Not-in-family,White,Male,0,0,40,United-States
24,Local-gov,,Some-college,10,Never-married,Adm-clerical,Not-in-family,Black,Female,0,0,40,United-States
43,Private,,HS-grad,9,Married-civ-spouse,Sales,Other-relative,White,Female,0,0,44,Poland
46,Local-gov,,HS-grad,9,Married-civ-spouse,Machine-op-inspct,Husband,Black,Male,0,0,40,United-States
18,Private,,HS-grad,9,Never-married,Sales,Not-in-family,White,Female,0,0,9,United-States
55,Self-emp-not-inc,,Some-college,10,Married-civ-spouse,Exec-managerial,Husband,Black,Male,0,0,25,United-States
23,Private,,Bachelors,13,Never-married,Other-service,Not-in-family,White,Female,0,0,30,United-States
52,Local-gov,,HS-grad,9,Married-civ-spouse,Other-service,Husband,White,Male,0,0,40,United-States
25,Private,,HS-grad,9,Never-married,Other-service,Unmarried,White,Female,0,0,22,United-States
20,Private,,Some-college,10,Never-married,Adm-clerical,Own-child,Asian-Pac-Islander,Female,0,0,15,United-States
25,Private,,HS-grad,9,Never-married,Sales,Not-in-family,White,Female,0,0,35,United-States
25,Private,,Some-college,10,Never-married,Machine-op-inspct,Not-in-family,Asian-Pac-Islander,Male,0,0,40,Philippines
39,Self-emp-not-inc,,9th,5,Married-civ-spouse,Craft-repair,Husband,White,Male,0,0,40,United-States
40,Private,,Assoc-acdm,12,Divorced,Sales,Unmarried,White,Female,0,0,40,United-States
62,Self-emp-not-inc,,HS-grad,9,Married-civ-spouse,Craft-repair,Husband,White,Male,0,0,60,United-States
21,Private,,HS-grad,9,Never-married,Other-service,Not-in-family,White,Female,0,0,40,United-States
43,Self-emp-not-inc,,HS-grad,9,Married-civ-spouse,Craft-repair,Husband,White,Male,0,0,60,United-States
49,Private,,7th-8th,4,Married-civ-spouse,Machine-op-inspct,Husband,White,Male,0,0,40,United-States
36,Private,,HS-grad,9,Never-married,Transport-moving,Not-in-family,White,Male,0,1669,40,United-States
33,Local-gov,,Bachelors,13,Divorced,Prof-specialty,Own-child,White,Male,0,2339,40,United-States
62,Private,,Masters,14,Married-civ-spouse,Adm-clerical,Husband,Asian-Pac-Islander,Male,0,0,40,China
24,Self-emp-not-inc,,HS-grad,9,Never-married,Craft-repair,Own-child,White,Male,0,0,50,United-States
22,Private,,Some-college,10,Never-married,Adm-clerical,Own-child,White,Male,0,0,25,Greece
45,Private,,HS-grad,9,Separated,Adm-clerical,Unmarried,White,Female,0,0,38,United-States
55,Self-emp-not-inc,,HS-grad,9,Married-civ-spouse,Other-service,Husband,White,Male,0,0,40,United-States
50,Private,,HS-grad,9,Married-civ-spouse,Machine-op-inspct,Husband,White,Male,0,1902,44,United-States
25,Private,,Bachelors,13,Never-married,Craft-repair,Own-child,White,Male,0,1590,35,United-States
21,Private,,HS-grad,9,Never-married,Other-service,Not-in-family,White,Female,0,0,30,United-States
28,Self-emp-not-inc,,Masters,14,Married-civ-spouse,Exec-managerial,Wife,White,Female,0,0,30,United-States
32,Local-gov,,HS-grad,9,Married-civ-spouse,Other-service,Husband,White,Male,0,0,41,United-States
42,Self-emp-inc,,11th,7,Married-civ-spouse,Exec-managerial,Husband,White,Male,0,0,40,United-States
49,Private,,HS-grad,9,Divorced,Other-service,Not-in-family,White,Female,0,0,40,United-States
62,Private,,Bachelors,13,Widowed,Tech-support,Unmarried,White,Female,0,0,7,United-States
17,Private,,11th,7,Never-married,Sales,Own-child,White,Male,0,0,12,United-States
26,Private,,Some-college,10,Never-married,Other-service,Other-relative,White,Male,0,0,40,Nicaragua
21,Private,,HS-grad,9,Never-married,Other-service,Own-child,Black,Male,0,0,10,United-States
29,Local-gov,,HS-grad,9,Never-married,Transport-moving,Own-child,White,Female,0,0,37,United-States
55,Private,,HS-grad,9,Never-married,Sales,Not-in-family,White,Male,0,0,38,United-States
36,Local-gov,,Bachelors,13,Married-civ-spouse,Prof-specialty,Husband,White,Male,0,0,40,United-States
44,Self-emp-not-inc,,HS-grad,9,Married-civ-spouse,Exec-managerial,Husband,White,Male,0,1977,45,United-States
34,Private,,Some-college,10,Never-married,Craft-repair,Not-in-family,Black,Male,0,0,28,United-States
30,Private,,HS-grad,9,Married-civ-spouse,Exec-managerial,Husband,White,Male,0,0,50,United-States
24,Private,,Bachelors,13,Never-married,Sales,Own-child,White,Female,0,1504,40,United-States
46,Private,,Some-college,10,Divorced,Sales,Not-in-family,White,Male,0,0,50,United-States
26,Private,,HS-grad,9,Never-married,Craft-repair,Not-in-family,Black,Male,0,0,40,United-States
47,Private,,HS-grad,9,Married-civ-spouse,Sales,Husband,White,Male,0,0,50,United-States
27,Private,,Bachelors,13,Never-married,Sales,Not-in-family,Black,Female,0,1590,40,United-States
64,Self-emp-inc,,Bachelors,13,Married-civ-spouse,Prof-specialty,Husband,White,Male,0,0,40,United-States
33,Private,,HS-grad,9,Separated,Adm-clerical,Not-in-family,Other,Male,0,0,37,United-States
39,Private,,HS-grad,9,Separated,Sales,Not-in-family,White,Female,0,0,47,United-States
25,Private,,Bachelors,13,Never-married,Adm-clerical,Own-child,White,Female,0,0,40,United-States
52,Private,,Assoc-voc,11,Divorced,Other-service,Unmarried,White,Female,0,0,40,United-States
36,Private,,HS-grad,9,Married-civ-spouse,Tech-support,Husband,White,Male,0,0,50,United-States
48,Private,,HS-grad,9,Married-civ-spouse,Prof-specialty,Wife,White,Female,0,0,8,United-States
43,Private,,Bachelors,13,Never-married,Prof-specialty,Not-in-family,Asian-Pac-Islander,Male,0,2258,50,United-States
56,Private,,HS-grad,9,Married-civ-spouse,Craft-repair,Husband,White,Male,3103,0,40,United-States
34,Local-gov,,HS-grad,9,Married-civ-spouse,Prof-specialty,Husband,White,Male,0,0,40,El-Salvador
36,Private,,HS-grad,9,Separated,Craft-repair,Not-in-family,White,Male,0,0,40,United-States
52,Private,,Bachelors,13,Married-civ-spouse,Exec-managerial,Husband,White,Male,0,1902,65,United-States
31,Self-emp-inc,,Bachelors,13,Never-married,Farming-fishing,Not-in-family,White,Female,0,0,45,United-States
23,Self-emp-not-inc,,Bachelors,13,Never-married,Exec-managerial,Not-in-family,White,Female,0,0,40,United-States
46,Private,,Some-college,10,Separated,Tech-support,Unmarried,White,Female,0,0,55,United-States
29,State-gov,,HS-grad,9,Married-civ-spouse,Protective-serv,Husband,White,Male,0,0,42,United-States
26,Private,,Bachelors,13,Never-married,Adm-clerical,Not-in-family,White,Male,0,0,40,United-States
32,Private,,Some-college,10,Married-civ-spouse,Machine-op-inspct,Husband,White,Male,0,0,50,United-States
41,Self-emp-inc,,Bachelors,13,Married-civ-spouse,Exec-managerial,Husband,Asian-Pac-Islander,Male,0,1977,60,Taiwan
21,Private,,HS-grad,9,Never-married,Sales,Not-in-family,White,Male,0,0,50,United-States
27,Private,,11th,7,Married-civ-spouse,Sales,Husband,White,Male,0,0,40,United-States
18,Private,,HS-grad,9,Never-married,Other-service,Own-child,White,Female,0,0,30,United-States
59,Local-gov,,Some-college,10,Widowed,Other-service,Not-in-family,White,Female,0,0,40,Poland
37,State-gov,,Assoc-voc,11,Divorced,Protective-serv,Unmarried,Black,Male,0,0,40,United-States
54,Federal-gov,,HS-grad,9,Never-married,Adm-clerical,Unmarried,White,Female,0,0,40,Mexico
58,Private,,HS-grad,9,Married-civ-spouse,Exec-managerial,Husband,White,Male,0,0,60,United-States
41,Private,,HS-grad,9,Married-civ-spouse,Transport-moving,Husband,White,Male,0,1887,45,United-States
26,Private,,Masters,14,Never-married,Exec-managerial,Not-in-family,White,Male,0,0,60,United-States
20,Private,,Some-college,10,Never-married,Sales,Not-in-family,White,Female,0,0,56,United-States
24,Private,,HS-grad,9,Never-married,Sales,Unmarried,White,Male,0,0,45,United-States
55,Private,,Some-college,10,Married-civ-spouse,Prof-specialty,Husband,White,Male,0,0,40,United-States
40,Private,,10th,6,Divorced,Machine-op-inspct,Not-in-family,White,Female,0,0,35,United-States
63,Private,,9th,5,Married-civ-spouse,Transport-moving,Husband,White,Male,0,0,40,United-States
55,Self-emp-not-inc,,9th,5,Married-civ-spouse,Craft-repair,Husband,White,Male,0,0,50,United-States
21,Private,,HS-grad,9,Never-married,Farming-fishing,Own-child,White,Male,0,0,24,United-States
30,Private,,Bachelors,13,Never-married,Sales,Other-relative,White,Female,0,0,40,United-States
23,Private,,HS-grad,9,Married-civ-spouse,Craft-repair,Husband,White,Male,0,0,40,United-States
39,Self-emp-not-inc,,HS-grad,9,Married-civ-spouse,Farming-fishing,Husband,White,Male,0,0,54,United-States
42,Private,,Some-college,10,Married-civ-spouse,Sales,Husband,White,Male,0,0,40,United-States
40,State-gov,,Bachelors,13,Married-civ-spouse,Prof-specialty,Husband,White,Male,0,0,60,United-States
37,Private,,HS-grad,9,Separated,Craft-repair,Unmarried,White,Male,0,0,70,Philippines
64,Private,,Doctorate,16,Widowed,Prof-specialty,Not-in-family,White,Male,0,0,80,United-States
36,Self-emp-not-inc,,HS-grad,9,Married-civ-spouse,Exec-managerial,Husband,White,Male,0,0,99,United-States
30,Private,,Some-college,10,Never-married,Other-service,Unmarried,White,Female,0,0,36,United-States
33,Private,,Some-college,10,Never-married,Machine-op-inspct,Not-in-family,Black,Male,0,0,40,United-States
59,Private,,HS-grad,9,Married-civ-spouse,Craft-repair,Husband,White,Male,0,0,40,United-States
61,Self-emp-not-inc,,HS-grad,9,Married-civ-spouse,Other-service,Wife,Black,Female,0,0,17,United-States
64,Private,,Prof-school,15,Married-civ-spouse,Prof-specialty,Husband,White,Male,0,0,40,United-States
24,Private,,Some-college,10,Never-married,Other-service,Not-in-family,White,Male,0,0,45,United-States
25,Private,,HS-grad,9,Never-married,Machine-op-inspct,Not-in-family,White,Male,0,0,40,United-States
59,Private,,HS-grad,9,Married-civ-spouse,Transport-moving,Husband,White,Male,0,0,40,United-States
35,Private,,HS-grad,9,Married-civ-spouse,Exec-managerial,Husband,White,Male,0,0,40,United-States
58,Self-emp-not-inc,,HS-grad,9,Married-civ-spouse,Craft-repair,Husband,White,Male,0,0,40,United-States
35,Private,,Masters,14,Married-spouse-absent,Protective-serv,Not-in-family,White,Male,0,0,40,United-States
49,Private,,HS-grad,9,Divorced,Sales,Not-in-family,White,Female,0,0,36,United-States
44,State-gov,,Bachelors,13,Never-married,Farming-fishing,Not-in-family,White,Male,0,0,40,United-States
36,Self-emp-not-inc,,11th,7,Never-married,Transport-moving,Not-in-family,Black,Male,0,0,40,United-States
45,Local-gov,,HS-grad,9,Married-civ-spouse,Transport-moving,Husband,White,Male,0,0,40,United-States
42,Private,,HS-grad,9,Married-civ-spouse,Machine-op-inspct,Husband,White,Male,4386,0,48,United-States
36,Self-emp-not-inc,,Some-college,10,Married-civ-spouse,Sales,Husband,White,Male,0,0,50,United-States
30,Private,,10th,6,Never-married,Machine-op-inspct,Unmarried,White,Female,0,0,40,United-States
53,Private,,HS-grad,9,Divorced,Adm-clerical,Not-in-family,White,Female,0,0,30,United-States
38,Private,,HS-grad,9,Never-married,Machine-op-inspct,Not-in-family,White,Male,0,0,40,United-States
21,Private,,HS-grad,9,Never-married,Adm-clerical,Own-child,White,Female,0,0,40,United-States
42,Private,,Assoc-voc,11,Married-civ-spouse,Machine-op-inspct,Husband,White,Male,2407,0,40,United-States
33,Private,,Bachelors,13,Married-civ-spouse,Prof-specialty,Husband,White,Male,3103,0,47,United-States
24,Private,,Some-college,10,Never-married,Machine-op-inspct,Own-child,White,Male,0,0,40,United-States
24,Private,,Bachelors,13,Never-married,Sales,Not-in-family,White,Male,0,0,50,United-States
32,State-gov,,Prof-school,15,Married-civ-spouse,Prof-specialty,Husband,White,Male,0,0,75,United-States
21,Private,,Some-college,10,Never-married,Other-service,Own-child,White,Male,0,0,35,United-States
36,Private,,HS-grad,9,Married-civ-spouse,Craft-repair,Husband,Other,Male,0,0,40,United-States
44,Private,,Some-college,10,Married-civ-spouse,Craft-repair,Husband,Black,Male,0,0,40,United-States
25,Private,,10th,6,Never-married,Craft-repair,Own-child,White,Male,0,0,40,United-States
23,Private,,HS-grad,9,Never-married,Sales,Own-child,White,Male,0,0,40,United-States
41,Private,,HS-grad,9,Never-married,Adm-clerical,Own-child,White,Male,0,0,40,United-States
31,Private,,Bachelors,13,Married-civ-spouse,Adm-clerical,Husband,White,Male,0,0,40,United-States
24,Private,,Some-college,10,Never-married,Other-service,Own-child,White,Female,0,0,40,Mexico
19,Private,,Some-college,10,Never-married,Sales,Own-child,White,Female,0,0,25,United-States
18,Private,,HS-grad,9,Never-married,Farming-fishing,Own-child,White,Male,0,0,40,United-States
46,Private,,Bachelors,13,Separated,Prof-specialty,Unmarried,Black,Female,0,0,36,United-States
35,Private,,Bachelors,13,Married-civ-spouse,Exec-managerial,Husband,White,Male,0,1887,45,United-States
28,Private,,Assoc-acdm,12,Never-married,Adm-clerical,Own-child,White,Male,0,0,35,United-States
18,Private,,Some-college,10,Never-married,Sales,Own-child,Black,Male,0,0,35,United-States
53,Private,,Bachelors,13,Married-civ-spouse,Craft-repair,Husband,Asian-Pac-Islander,Male,0,1740,40,Laos
38,Private,,Some-college,10,Married-civ-spouse,Craft-repair,Husband,White,Male,0,0,40,United-States
47,Self-emp-not-inc,,Masters,14,Married-civ-spouse,Exec-managerial,Wife,White,Female,15024,0,40,United-States
52,Private,,Some-college,10,Married-civ-spouse,Transport-moving,Husband,White,Male,15024,0,60,Canada
39,Private,,Bachelors,13,Separated,Prof-specialty,Not-in-family,White,Male,0,0,50,United-States
34,Private,,Assoc-voc,11,Married-civ-spouse,Craft-repair,Wife,Amer-Indian-Eskimo,Female,0,0,27,United-States
31,Self-emp-not-inc,,HS-grad,9,Never-married,Other-service,Not-in-family,White,Male,0,0,27,United-States
31,Private,,Some-college,10,Married-civ-spouse,Craft-repair,Husband,White,Male,0,0,40,United-States
45,Private,,Some-college,10,Divorced,Machine-op-inspct,Not-in-family,White,Male,0,0,40,United-States
55,Local-gov,,HS-grad,9,Married-civ-spouse,Handlers-cleaners,Husband,White,Male,0,0,40,United-States
31,Private,,Some-college,10,Never-married,Adm-clerical,Not-in-family,White,Male,0,0,40,United-States
38,Private,,HS-grad,9,Married-civ-spouse,Machine-op-inspct,Husband,White,Male,0,0,40,United-States
51,Private,,11th,7,Never-married,Other-service,Not-in-family,Black,Female,0,0,40,United-States
41,Private,,Some-college,10,Married-civ-spouse,Adm-clerical,Husband,White,Male,0,0,40,United-States
33,Private,,Some-college,10,Married-civ-spouse,Other-service,Husband,White,Male,0,0,40,United-States
28,Self-emp-not-inc,,Assoc-voc,11,Married-civ-spouse,Farming-fishing,Husband,White,Male,0,0,60,United-States
61,Private,,7th-8th,4,Divorced,Machine-op-inspct,Unmarried,White,Female,0,0,40,United-States
62,Private,,Some-college,10,Married-civ-spouse,Adm-clerical,Wife,White,Female,0,0,40,United-States
49,Self-emp-inc,,Some-college,10,Married-civ-spouse,Farming-fishing,Husband,White,Male,0,0,60,United-States
48,Private,,10th,6,Married-civ-spouse,Adm-clerical,Wife,White,Female,0,0,40,United-States
53,Private,,Some-college,10,Separated,Adm-clerical,Own-child,White,Male,0,0,40,Cuba
29,Local-gov,,Bachelors,13,Married-civ-spouse,Prof-specialty,Husband,White,Male,7298,0,40,United-States
43,Private,,Bachelors,13,Divorced,Prof-specialty,Unmarried,Black,Female,0,0,60,United-States
40,Self-emp-inc,,Bachelors,13,Married-civ-spouse,Prof-specialty,Husband,White,Male,0,0,60,United-States
37,Private,,HS-grad,9,Divorced,Adm-clerical,Not-in-family,White,Female,0,0,40,United-States
32,Private,,Assoc-voc,11,Divorced,Adm-clerical,Not-in-family,White,Female,0,0,40,United-States
34,Private,,Assoc-voc,11,Married-civ-spouse,Craft-repair,Husband,White,Male,0,0,48,United-States
48,Private,,11th,7,Married-civ-spouse,Exec-managerial,Husband,White,Male,0,0,50,United-States
27,Self-emp-inc,,9th,5,Never-married,Craft-repair,Own-child,White,Male,0,0,40,United-States
32,Private,,Masters,14,Never-married,Sales,Own-child,Black,Male,0,0,40,United-States
61,Self-emp-not-inc,,Prof-school,15,Married-civ-spouse,Prof-specialty,Husband,White,Male,0,0,50,England
38,Local-gov,,Some-college,10,Married-civ-spouse,Adm-clerical,Wife,White,Female,0,0,40,United-States
28,Private,,Some-college,10,Never-married,Machine-op-inspct,Own-child,White,Male,0,0,60,United-States
69,Private,,HS-grad,9,Widowed,Exec-managerial,Not-in-family,White,Female,0,0,40,United-States
42,Private,,Some-college,10,Separated,Prof-specialty,Not-in-family,White,Male,0,2231,50,Canada
30,Private,,10th,6,Married-civ-spouse,Craft-repair,Husband,White,Male,0,0,40,Mexico
17,Private,,11th,7,Never-married,Other-service,Own-child,White,Female,0,0,16,United-States
23,State-gov,,Bachelors,13,Never-married,Adm-clerical,Own-child,Asian-Pac-Islander,Female,0,0,52,United-States
31,Private,,Some-college,10,Married-civ-spouse,Craft-repair,Husband,White,Male,4386,0,50,United-States
30,Private,,HS-grad,9,Divorced,Transport-moving,Own-child,Black,Male,0,0,40,United-States
48,Local-gov,,Assoc-voc,11,Married-civ-spouse,Protective-serv,Husband,Amer-Indian-Eskimo,Male,0,0,40,United-States
45,Self-emp-not-inc,,Some-college,10,Divorced,Exec-managerial,Not-in-family,Black,Male,0,0,48,United-States
30,Private,,Assoc-acdm,12,Never-married,Machine-op-inspct,Unmarried,Black,Female,0,0,40,United-States
19,Private,,Some-college,10,Never-married,Sales,Own-child,White,Female,0,0,20,United-States
41,Private,,HS-grad,9,Married-civ-spouse,Craft-repair,Husband,White,Male,0,0,40,United-States
24,Private,,HS-grad,9,Never-married,Other-service,Own-child,White,Male,0,0,40,United-States
59,Private,,Some-college,10,Divorced,Machine-op-inspct,Not-in-family,White,Male,0,0,56,United-States
50,Local-gov,,Some-college,10,Divorced,Protective-serv,Not-in-family,White,Male,0,0,40,United-States
52,Private,,Some-college,10,Married-civ-spouse,Exec-managerial,Husband,White,Male,0,0,45,United-States
36,State-gov,,HS-grad,9,Married-civ-spouse,Protective-serv,Husband,White,Male,0,0,40,United-States
44,Private,,HS-grad,9,Never-married,Other-service,Unmarried,White,Male,0,0,20,Portugal
28,Private,,11th,7,Married-civ-spouse,Farming-fishing,Husband,White,Male,0,0,40,United-States
22,Private,,HS-grad,9,Never-married,Machine-op-inspct,Unmarried,Black,Female,0,0,40,United-States
48,Private,,Some-college,10,Married-civ-spouse,Adm-clerical,Wife,White,Female,0,0,37,United-States
23,Private,,Some-college,10,Never-married,Exec-managerial,Own-child,White,Male,0,0,40,United-States
35,Private,,Some-college,10,Married-civ-spouse,Craft-repair,Husband,White,Male,0,0,45,United-States
25,Private,,Bachelors,13,Never-married,Sales,Not-in-family,White,Female,0,0,16,United-States
57,Private,,HS-grad,9,Married-civ-spouse,Transport-moving,Husband,White,Male,0,0,40,United-States
30,Private,,11th,7,Married-civ-spouse,Machine-op-inspct,Husband,White,Male,0,0,40,United-States
36,Private,,HS-grad,9,Divorced,Craft-repair,Not-in-family,White,Male,0,0,40,United-States
27,Private,,Some-college,10,Never-married,Adm-clerical,Not-in-family,White,Female,0,0,39,United-States
26,Local-gov,,Bachelors,13,Never-married,Prof-specialty,Not-in-family,Black,Female,0,0,40,United-States
26,Private,,10th,6,Married-civ-spouse,Handlers-cleaners,Husband,White,Male,0,0,40,United-States
58,Private,,Some-college,10,Separated,Adm-clerical,Not-in-family,White,Female,0,1092,40,United-States
48,State-gov,,Masters,14,Widowed,Prof-specialty,Unmarried,White,Female,0,0,40,United-States
48,Self-emp-inc,,Some-college,10,Divorced,Farming-fishing,Not-in-family,White,Male,0,0,45,United-States
31,Private,,Some-college,10,Married-civ-spouse,Sales,Husband,White,Male,0,0,50,United-States
34,Private,,Some-college,10,Separated,Exec-managerial,Unmarried,White,Female,0,0,40,United-States
39,Private,,HS-grad,9,Married-civ-spouse,Craft-repair,Husband,White,Male,0,0,40,United-States
58,State-gov,,Doctorate,16,Never-married,Exec-managerial,Not-in-family,White,Female,0,0,43,United-States
62,Private,,Some-college,10,Married-civ-spouse,Machine-op-inspct,Husband,White,Male,0,0,40,United-States
30,State-gov,,Masters,14,Married-civ-spouse,Prof-specialty,Husband,Asian-Pac-Islander,Male,0,0,17,Taiwan
68,Self-emp-not-inc,,Some-college,10,Widowed,Adm-clerical,Not-in-family,White,Male,0,0,40,United-States
44,Local-gov,,Some-college,10,Never-married,Other-service,Unmarried,Black,Female,0,0,40,United-States
43,Private,,HS-grad,9,Never-married,Craft-repair,Not-in-family,White,Male,0,0,45,United-States
18,Private,,Some-college,10,Never-married,Sales,Own-child,White,Female,0,0,20,United-States
57,Private,,10th,6,Divorced,Adm-clerical,Not-in-family,White,Male,0,0,64,United-States
41,Private,,Bachelors,13,Married-civ-spouse,Sales,Husband,White,Male,7688,0,50,United-States
49,Self-emp-inc,,HS-grad,9,Married-civ-spouse,Exec-managerial,Husband,White,Male,0,0,50,United-States
56,Private,,HS-grad,9,Married-civ-spouse,Transport-moving,Husband,White,Male,0,0,48,United-States
33,Local-gov,,HS-grad,9,Separated,Other-service,Own-child,White,Female,0,0,80,United-States
51,Private,,5th-6th,3,Married-civ-spouse,Craft-repair,Other-relative,White,Female,0,0,40,United-States
34,Private,,11th,7,Never-married,Craft-repair,Not-in-family,White,Female,0,0,30,United-States
51,Self-emp-inc,,HS-grad,9,Divorced,Protective-serv,Not-in-family,White,Male,0,0,81,United-States
29,Private,,HS-grad,9,Never-married,Sales,Not-in-family,White,Female,0,0,40,United-States
43,Self-emp-not-inc,,Some-college,10,Never-married,Transport-moving,Not-in-family,Black,Male,0,0,30,United-States
18,Private,,HS-grad,9,Never-married,Protective-serv,Own-child,White,Male,34095,0,3,United-States
40,Private,,HS-grad,9,Never-married,Handlers-cleaners,Not-in-family,Black,Male,0,0,40,United-States
74,Self-emp-inc,,Bachelors,13,Married-civ-spouse,Adm-clerical,Wife,White,Female,0,0,6,United-States
29,Private,,Assoc-acdm,12,Never-married,Craft-repair,Not-in-family,White,Male,0,0,35,United-States
55,Private,,HS-grad,9,Married-civ-spouse,Adm-clerical,Husband,White,Male,6418,0,50,United-States
48,Self-emp-inc,,Some-college,10,Married-civ-spouse,Farming-fishing,Husband,White,Male,0,0,50,United-States
34,Private,,Masters,14,Married-civ-spouse,Craft-repair,Husband,White,Male,0,0,40,Mexico
50,Private,,Masters,14,Divorced,Prof-specialty,Not-in-family,White,Female,0,0,35,United-States
26,Private,,Assoc-voc,11,Never-married,Craft-repair,Own-child,White,Male,0,0,48,United-States
25,Private,,Bachelors,13,Married-civ-spouse,Sales,Husband,White,Male,0,0,50,United-States
51,Local-gov,,9th,5,Married-civ-spouse,Transport-moving,Husband,Black,Male,0,0,40,United-States
43,Private,,HS-grad,9,Married-civ-spouse,Handlers-cleaners,Husband,Black,Male,0,0,40,United-States
36,Private,,Assoc-acdm,12,Never-married,Exec-managerial,Not-in-family,White,Female,3325,0,40,United-States
46,Federal-gov,,HS-grad,9,Divorced,Adm-clerical,Not-in-family,White,Male,0,0,40,United-States
39,Self-emp-inc,,Some-college,10,Divorced,Craft-repair,Not-in-family,White,Male,0,0,99,United-States
28,Self-emp-not-inc,,Bachelors,13,Never-married,Tech-support,Not-in-family,White,Male,0,0,45,United-States
22,Federal-gov,,HS-grad,9,Never-married,Adm-clerical,Own-child,White,Male,0,0,40,United-States
52,Private,,HS-grad,9,Divorced,Craft-repair,Not-in-family,White,Male,0,0,47,United-States
37,Private,,HS-grad,9,Never-married,Handlers-cleaners,Unmarried,White,Female,3887,0,40,Nicaragua
38,Private,,Assoc-acdm,12,Divorced,Adm-clerical,Not-in-family,White,Female,0,0,16,United-States
53,Private,,HS-grad,9,Divorced,Other-service,Not-in-family,White,Female,0,0,38,United-States
34,Private,,HS-grad,9,Married-civ-spouse,Other-service,Husband,White,Male,0,0,40,United-States
21,Private,,Some-college,10,Never-married,Adm-clerical,Own-child,White,Male,0,0,50,United-States
24,Private,,HS-grad,9,Never-married,Adm-clerical,Not-in-family,White,Male,0,0,40,United-States
51,Private,,Bachelors,13,Divorced,Exec-managerial,Unmarried,White,Male,0,0,40,United-States
41,Private,,HS-grad,9,Divorced,Craft-repair,Not-in-family,White,Male,0,0,40,United-States
54,Private,,HS-grad,9,Married-civ-spouse,Machine-op-inspct,Husband,White,Male,0,0,40,Poland
66,Private,,Bachelors,13,Married-civ-spouse,Sales,Husband,White,Male,0,0,5,United-States
25,Private,,Prof-school,15,Never-married,Prof-specialty,Not-in-family,White,Female,0,0,20,United-States
62,Private,,11th,7,Separated,Other-service,Not-in-family,Black,Female,0,0,21,United-States
50,Self-emp-inc,,Doctorate,16,Married-civ-spouse,Prof-specialty,Husband,White,Male,15024,0,60,United-States
19,Private,,HS-grad,9,Never-married,Handlers-cleaners,Own-child,White,Male,0,0,30,United-States
29,State-gov,,HS-grad,9,Never-married,Adm-clerical,Not-in-family,White,Female,0,0,40,United-States
44,Private,,Masters,14,Married-civ-spouse,Sales,Husband,White,Male,0,0,50,United-States
44,Self-emp-not-inc,,5th-6th,3,Married-civ-spouse,Craft-repair,Husband,White,Male,0,0,40,United-States
35,Private,,10th,6,Married-civ-spouse,Other-service,Wife,White,Female,0,0,40,United-States
53,Self-emp-inc,,Assoc-acdm,12,Never-married,Exec-managerial,Not-in-family,White,Male,0,1876,50,United-States
62,Private,,10th,6,Divorced,Other-service,Unmarried,White,Female,0,0,40,United-States
52,Federal-gov,,Masters,14,Married-civ-spouse,Exec-managerial,Husband,White,Male,5013,0,40,United-States
25,Private,,Some-college,10,Never-married,Exec-managerial,Not-in-family,White,Female,0,0,60,United-States
36,Self-emp-not-inc,,Bachelors,13,Married-civ-spouse,Exec-managerial,Husband,White,Male,7298,0,40,United-States
41,Self-emp-not-inc,,Bachelors,13,Divorced,Sales,Not-in-family,White,Male,0,0,45,United-States
30,Local-gov,,Masters,14,Divorced,Prof-specialty,Unmarried,White,Female,0,0,65,United-States
35,Private,,HS-grad,9,Married-civ-spouse,Craft-repair,Husband,White,Male,0,0,40,United-States
53,Self-emp-not-inc,,7th-8th,4,Married-civ-spouse,Tech-support,Husband,White,Male,0,0,99,United-States
50,Private,,HS-grad,9,Married-civ-spouse,Craft-repair,Husband,White,Male,0,0,40,United-States
24,Private,,HS-grad,9,Married-civ-spouse,Machine-op-inspct,Not-in-family,White,Female,0,0,40,Ecuador
28,Private,,HS-grad,9,Divorced,Other-service,Not-in-family,White,Female,0,1741,52,United-States
28,Private,,Some-college,10,Never-married,Adm-clerical,Other-relative,White,Female,0,0,40,United-States
32,Private,,Some-college,10,Divorced,Adm-clerical,Not-in-family,White,Male,0,0,48,United-States
22,Private,,Some-college,10,Never-married,Adm-clerical,Not-in-family,White,Female,0,0,40,United-States
20,Private,,Assoc-acdm,12,Never-married,Exec-managerial,Own-child,White,Female,0,0,40,United-States
39,Federal-gov,,Masters,14,Never-married,Prof-specialty,Not-in-family,White,Male,0,0,40,Poland
68,Private,,Some-college,10,Widowed,Adm-clerical,Not-in-family,White,Female,991,0,29,United-States
30,Private,,Bachelors,13,Married-civ-spouse,Prof-specialty,Husband,White,Male,0,0,40,United-States
56,Local-gov,,10th,6,Widowed,Other-service,Unmarried,White,Female,0,0,25,United-States
45,Private,,Prof-school,15,Never-married,Prof-specialty,Not-in-family,White,Male,0,0,40,United-States
30,Local-gov,,Bachelors,13,Separated,Prof-specialty,Unmarried,White,Female,0,0,40,United-States
24,Federal-gov,,9th,5,Never-married,Adm-clerical,Other-relative,Black,Male,0,0,40,United-States
29,Private,,Bachelors,13,Married-civ-spouse,Exec-managerial,Husband,White,Male,0,0,50,France
28,Self-emp-not-inc,,Bachelors,13,Never-married,Prof-specialty,Not-in-family,White,Male,0,0,50,United-States
37,Private,,Masters,14,Married-civ-spouse,Prof-specialty,Husband,White,Male,0,0,50,United-States
18,Private,,11th,7,Never-married,Other-service,Other-relative,Black,Female,0,0,24,United-States
48,Federal-gov,,HS-grad,9,Divorced,Other-service,Unmarried,White,Male,0,0,40,United-States
23,Private,,Bachelors,13,Never-married,Prof-specialty,Own-child,White,Male,0,0,40,United-States
63,Self-emp-not-inc,,Some-college,10,Married-civ-spouse,Exec-managerial,Husband,White,Male,0,0,40,United-States
36,Local-gov,,Some-college,10,Married-civ-spouse,Tech-support,Husband,White,Male,0,0,42,United-States
25,Self-emp-not-inc,,Some-college,10,Never-married,Other-service,Not-in-family,White,Female,0,0,22,United-States
40,State-gov,,Doctorate,16,Married-civ-spouse,Exec-managerial,Husband,Asian-Pac-Islander,Male,0,0,40,Taiwan
53,State-gov,,HS-grad,9,Married-civ-spouse,Adm-clerical,Husband,White,Male,15024,0,35,United-States
23,Private,,10th,6,Never-married,Sales,Own-child,White,Female,0,0,20,United-States
25,Private,,Bachelors,13,Never-married,Adm-clerical,Not-in-family,White,Male,0,0,30,United-States
35,Private,,Some-college,10,Married-civ-spouse,Machine-op-inspct,Husband,White,Male,0,0,40,United-States
57,Private,,Masters,14,Married-civ-spouse,Exec-managerial,Husband,White,Male,0,0,45,United-States
37,Self-emp-not-inc,,Assoc-acdm,12,Married-civ-spouse,Transport-moving,Husband,White,Male,0,0,50,United-States
70,Private,,HS-grad,9,Married-civ-spouse,Other-service,Husband,White,Male,0,0,16,United-States
27,Private,,Some-college,10,Married-civ-spouse,Prof-specialty,Husband,White,Male,0,0,88,United-States
50,Private,,Bachelors,13,Separated,Sales,Not-in-family,White,Male,0,0,40,United-States
58,Private,,HS-grad,9,Divorced,Other-service,Unmarried,Black,Female,0,0,20,United-States
36,Private,,Assoc-voc,11,Married-civ-spouse,Prof-specialty,Wife,White,Female,0,0,50,United-States
33,Private,,Some-college,10,Divorced,Tech-support,Not-in-family,White,Female,0,0,40,United-States
49,Private,,Bachelors,13,Married-civ-spouse,Sales,Husband,White,Male,0,0,60,United-States
23,Local-gov,,HS-grad,9,Never-married,Farming-fishing,Not-in-family,White,Male,0,0,40,Poland
59,Self-emp-not-inc,,Bachelors,13,Married-civ-spouse,Farming-fishing,Husband,White,Male,0,0,30,United-States
50,Local-gov,,HS-grad,9,Married-civ-spouse,Adm-clerical,Wife,White,Female,0,0,40,United-States
55,Private,,HS-grad,9,Married-civ-spouse,Other-service,Husband,White,Male,0,0,40,United-States
47,Self-emp-inc,,HS-grad,9,Married-civ-spouse,Sales,Husband,White,Male,0,0,55,United-States
55,Private,,Assoc-acdm,12,Divorced,Other-service,Not-in-family,White,Female,0,0,52,United-States
57,Private,,Bachelors,13,Married-civ-spouse,Exec-managerial,Husband,White,Male,0,0,50,United-States
45,Private,,Bachelors,13,Married-civ-spouse,Farming-fishing,Husband,White,Male,0,0,60,United-States
37,Private,,HS-grad,9,Married-civ-spouse,Sales,Husband,White,Male,15024,0,60,United-States
33,State-gov,,Masters,14,Never-married,Prof-specialty,Not-in-family,White,Male,0,0,30,United-States
25,Private,,Some-college,10,Never-married,Handlers-cleaners,Own-child,White,Male,0,0,40,United-States
27,Private,,12th,8,Never-married,Machine-op-inspct,Not-in-family,White,Male,0,0,45,United-States
27,Private,,Bachelors,13,Never-married,Prof-specialty,Own-child,White,Male,0,0,40,United-States
33,Private,,Bachelors,13,Married-civ-spouse,Sales,Husband,White,Male,0,0,60,United-States
40,Self-emp-inc,,Prof-school,15,Married-civ-spouse,Prof-specialty,Husband,White,Male,0,2415,40,United-States
39,Private,,Assoc-acdm,12,Married-civ-spouse,Tech-support,Husband,White,Male,0,0,40,France
67,Self-emp-inc,,HS-grad,9,Widowed,Exec-managerial,Not-in-family,White,Female,15831,0,40,United-States
34,Private,,Doctorate,16,Married-civ-spouse,Prof-specialty,Husband,White,Male,0,0,60,United-States
30,Private,,HS-grad,9,Never-married,Other-service,Not-in-family,White,Male,0,0,40,Puerto-Rico
21,Private,,Some-college,10,Never-married,Machine-op-inspct,Own-child,White,Male,0,0,40,United-States
48,Private,,Assoc-voc,11,Married-civ-spouse,Craft-repair,Husband,White,Male,0,0,42,United-States
32,Private,,HS-grad,9,Married-civ-spouse,Transport-moving,Husband,White,Male,0,0,50,United-States
32,Private,,Bachelors,13,Married-civ-spouse,Prof-specialty,Husband,Asian-Pac-Islander,Male,0,0,40,India
37,Federal-gov,,Masters,14,Married-civ-spouse,Tech-support,Husband,White,Male,0,0,50,United-States
58,Private,,11th,7,Married-civ-spouse,Sales,Husband,White,Male,0,0,40,United-States
52,Private,,Some-college,10,Divorced,Adm-clerical,Unmarried,White,Female,0,0,40,United-States
50,Private,,Assoc-voc,11,Married-civ-spouse,Protective-serv,Husband,White,Male,0,0,40,United-States
23,Private,,Bachelors,13,Never-married,Exec-managerial,Not-in-family,Black,Female,0,0,40,United-States
61,Private,,Some-college,10,Married-civ-spouse,Exec-managerial,Husband,White,Male,0,1672,40,United-States
51,Private,,HS-grad,9,Married-civ-spouse,Craft-repair,Husband,White,Male,7298,0,50,United-States
40,Private,,HS-grad,9,Married-civ-spouse,Sales,Husband,White,Male,0,0,40,United-States
38,State-gov,,Some-college,10,Married-civ-spouse,Exec-managerial,Husband,White,Male,0,0,40,United-States
26,Private,,HS-grad,9,Divorced,Craft-repair,Not-in-family,White,Male,0,0,40,United-States
59,Private,,Doctorate,16,Married-civ-spouse,Prof-specialty,Husband,White,Male,0,0,60,United-States
60,State-gov,,Doctorate,16,Married-civ-spouse,Prof-specialty,Husband,White,Male,0,1902,40,United-States
30,Private,,HS-grad,9,Never-married,Priv-house-serv,Own-child,White,Female,0,0,40,Guatemala
26,Private,,HS-grad,9,Never-married,Adm-clerical,Not-in-family,White,Female,0,0,40,United-States
37,Private,,Some-college,10,Divorced,Craft-repair,Not-in-family,White,Male,0,0,50,United-States
39,Private,,Assoc-voc,11,Divorced,Adm-clerical,Unmarried,White,Female,0,0,50,United-States
25,State-gov,,Some-college,10,Married-civ-spouse,Exec-managerial,Wife,White,Female,0,0,19,United-States
36,Self-emp-not-inc,,Masters,14,Never-married,Sales,Not-in-family,White,Male,10520,0,45,United-States
63,Self-emp-inc,,Masters,14,Divorced,Prof-specialty,Not-in-family,White,Male,0,0,70,United-States
41,Private,,Some-college,10,Married-civ-spouse,Sales,Husband,White,Male,0,0,40,United-States
49,Self-emp-inc,,Assoc-acdm,12,Married-civ-spouse,Craft-repair,Husband,White,Male,0,0,40,United-States
66,Private,,HS-grad,9,Widowed,Sales,Other-relative,White,Female,0,0,35,United-States
21,Private,,Some-college,10,Never-married,Sales,Own-child,White,Male,0,0,40,United-States
52,Local-gov,,Some-college,10,Married-civ-spouse,Protective-serv,Husband,White,Male,0,0,35,United-States
49,Private,,HS-grad,9,Separated,Sales,Unmarried,White,Female,0,0,40,United-States
46,Private,,7th-8th,4,Married-civ-spouse,Other-service,Husband,Asian-Pac-Islander,Male,0,1651,40,China
26,Private,,HS-grad,9,Never-married,Machine-op-inspct,Not-in-family,Black,Male,0,0,40,United-States
45,Local-gov,,HS-grad,9,Widowed,Protective-serv,Not-in-family,White,Male,0,0,40,United-States
23,Private,,HS-grad,9,Never-married,Machine-op-inspct,Own-child,White,Female,0,0,16,United-States
45,Private,,HS-grad,9,Divorced,Craft-repair,Not-in-family,White,Male,0,0,40,United-States
61,Federal-gov,,Some-college,10,Married-civ-spouse,Exec-managerial,Husband,White,Male,0,0,40,United-States
41,Private,,Some-college,10,Divorced,Adm-clerical,Unmarried,Black,Female,0,0,37,United-States
27,Private,,Some-college,10,Never-married,Adm-clerical,Not-in-family,White,Female,0,0,56,United-States
25,Private,,HS-grad,9,Never-married,Other-service,Not-in-family,White,Male,0,0,40,United-States
82,Self-emp-not-inc,,HS-grad,9,Married-civ-spouse,Craft-repair,Husband,White,Male,0,0,40,Cuba
36,Private,,Some-college,10,Married-civ-spouse,Craft-repair,Husband,White,Male,0,0,40,United-States
55,Private,,Masters,14,Divorced,Exec-managerial,Unmarried,White,Male,0,0,40,United-States
23,Private,,Some-college,10,Never-married,Other-service,Own-child,White,Male,0,0,40,United-States
53,Private,,Some-college,10,Never-married,Adm-clerical,Not-in-family,White,Female,0,0,50,United-States
36,Local-gov,,HS-grad,9,Married-civ-spouse,Prof-specialty,Husband,White,Male,15024,0,40,United-States
32,State-gov,,Masters,14,Married-civ-spouse,Prof-specialty,Husband,White,Male,0,0,50,United-States
41,Private,,HS-grad,9,Separated,Machine-op-inspct,Unmarried,White,Female,0,0,40,United-States
36,Private,,HS-grad,9,Never-married,Machine-op-inspct,Unmarried,Amer-Indian-Eskimo,Female,0,0,40,United-States
27,Private,,Bachelors,13,Married-civ-spouse,Tech-support,Wife,White,Female,0,0,40,United-States
34,Private,,Some-college,10,Married-civ-spouse,Prof-specialty,Husband,White,Male,0,1902,38,United-States
37,Self-emp-not-inc,,Some-college,10,Married-civ-spouse,Farming-fishing,Husband,White,Male,0,0,84,United-States
47,Private,,Assoc-voc,11,Married-civ-spouse,Machine-op-inspct,Husband,White,Male,0,0,40,United-States
29,Private,,Some-college,10,Never-married,Transport-moving,Unmarried,White,Male,0,0,40,United-States
52,Private,,HS-grad,9,Divorced,Sales,Not-in-family,White,Female,0,0,51,United-States
39,Private,,HS-grad,9,Married-civ-spouse,Handlers-cleaners,Husband,Black,Male,0,0,40,United-States
65,Private,,Masters,14,Married-civ-spouse,Prof-specialty,Husband,White,Male,20051,0,40,Germany
22,Private,,Some-college,10,Never-married,Other-service,Own-child,White,Male,0,0,20,United-States
80,Self-emp-inc,,HS-grad,9,Married-civ-spouse,Exec-managerial,Husband,White,Male,0,0,40,United-States
52,Private,,5th-6th,3,Married-civ-spouse,Craft-repair,Husband,White,Male,0,0,40,Mexico
54,Local-gov,,Assoc-voc,11,Divorced,Craft-repair,Not-in-family,White,Male,0,0,40,United-States
49,Private,,HS-grad,9,Married-civ-spouse,Machine-op-inspct,Husband,White,Male,0,0,45,United-States
42,Self-emp-inc,,7th-8th,4,Divorced,Craft-repair,Unmarried,White,Male,0,0,25,United-States
38,State-gov,,Bachelors,13,Married-civ-spouse,Protective-serv,Husband,Black,Male,0,0,52,United-States
36,Private,,Assoc-acdm,12,Separated,Tech-support,Not-in-family,White,Female,0,0,3,United-States
38,Self-emp-inc,,Masters,14,Married-civ-spouse,Exec-managerial,Husband,White,Male,0,0,60,United-States
46,Private,,HS-grad,9,Married-civ-spouse,Machine-op-inspct,Husband,White,Male,0,0,40,United-States
17,Private,,11th,7,Never-married,Prof-specialty,Own-child,White,Male,0,0,40,United-States
29,Self-emp-inc,,HS-grad,9,Married-civ-spouse,Sales,Husband,Asian-Pac-Islander,Male,0,0,40,Germany
24,Private,,Some-college,10,Never-married,Farming-fishing,Not-in-family,White,Male,0,0,45,United-States
36,Private,,Bachelors,13,Never-married,Prof-specialty,Not-in-family,White,Female,0,0,45,United-States
58,Private,,HS-grad,9,Divorced,Sales,Not-in-family,White,Female,0,0,15,United-States
30,Local-gov,,Masters,14,Married-civ-spouse,Prof-specialty,Husband,White,Male,0,0,45,United-States
45,State-gov,,Some-college,10,Married-spouse-absent,Other-service,Other-relative,Black,Male,0,0,40,Haiti
25,Private,,HS-grad,9,Never-married,Adm-clerical,Not-in-family,White,Male,0,0,45,United-States
71,Private,,Bachelors,13,Divorced,Sales,Not-in-family,White,Female,0,1911,38,United-States
21,Private,,10th,6,Married-civ-spouse,Farming-fishing,Husband,White,Male,0,0,70,United-States
25,Private,,11th,7,Married-spouse-absent,Sales,Own-child,Asian-Pac-Islander,Male,0,0,35,India
44,Private,,Masters,14,Married-civ-spouse,Craft-repair,Husband,White,Male,15024,0,45,United-States
39,Private,,HS-grad,9,Married-civ-spouse,Craft-repair,Husband,White,Male,0,0,35,United-States
68,Private,,5th-6th,3,Separated,Other-service,Not-in-family,White,Male,0,0,12,Italy
18,Private,,12th,8,Never-married,Other-service,Own-child,White,Female,0,0,25,United-States
23,Private,,HS-grad,9,Never-married,Handlers-cleaners,Own-child,Black,Male,0,0,40,United-States
25,Private,,HS-grad,9,Never-married,Adm-clerical,Own-child,White,Female,0,0,40,United-States
46,Self-emp-inc,,Assoc-acdm,12,Married-civ-spouse,Exec-managerial,Wife,White,Female,0,0,40,United-States
26,Private,,Some-college,10,Married-civ-spouse,Adm-clerical,Husband,White,Male,0,0,40,United-States
42,Private,,HS-grad,9,Married-civ-spouse,Handlers-cleaners,Husband,White,Male,0,0,40,United-States
42,Private,,10th,6,Married-civ-spouse,Machine-op-inspct,Husband,White,Male,0,0,40,United-States
28,Self-emp-not-inc,,Bachelors,13,Never-married,Exec-managerial,Not-in-family,White,Male,0,0,50,United-States
30,Private,,Assoc-voc,11,Married-civ-spouse,Transport-moving,Husband,White,Male,0,0,40,United-States
30,Private,,HS-grad,9,Divorced,Adm-clerical,Not-in-family,White,Female,0,0,40,United-States
22,Private,,Some-college,10,Never-married,Sales,Own-child,White,Female,0,0,25,United-States
19,Private,,HS-grad,9,Married-civ-spouse,Craft-repair,Husband,White,Male,0,0,25,United-States
31,Private,,Some-college,10,Married-civ-spouse,Craft-repair,Husband,White,Male,0,0,50,United-States
28,Private,,HS-grad,9,Married-civ-spouse,Craft-repair,Husband,White,Male,0,0,40,United-States
46,Private,,11th,7,Married-civ-spouse,Craft-repair,Husband,White,Male,0,0,40,United-States
44,Private,,Bachelors,13,Married-civ-spouse,Exec-managerial,Husband,White,Male,0,0,70,United-States
36,Private,,10th,6,Divorced,Machine-op-inspct,Unmarried,Black,Female,0,0,40,United-States
42,Private,,Some-college,10,Married-civ-spouse,Machine-op-inspct,Wife,White,Female,0,0,45,United-States
50,Private,,HS-grad,9,Married-civ-spouse,Transport-moving,Husband,White,Male,0,0,50,United-States
48,Private,,HS-grad,9,Divorced,Sales,Not-in-family,White,Female,0,0,30,United-States
31,Private,,HS-grad,9,Never-married,Other-service,Not-in-family,White,Male,0,0,40,United-States
52,Self-emp-not-inc,,Assoc-voc,11,Married-civ-spouse,Craft-repair,Husband,White,Male,0,0,40,United-States
28,Self-emp-not-inc,,HS-grad,9,Never-married,Craft-repair,Own-child,White,Male,0,0,45,United-States
51,Local-gov,,Assoc-acdm,12,Married-civ-spouse,Prof-specialty,Husband,White,Male,0,0,60,United-States
30,Private,,Bachelors,13,Married-AF-spouse,Exec-managerial,Wife,White,Female,0,0,40,United-States
18,Private,,12th,8,Never-married,Protective-serv,Own-child,White,Female,0,0,45,United-States
58,State-gov,,Masters,14,Married-civ-spouse,Adm-clerical,Husband,White,Male,15024,0,43,United-States
33,Private,,HS-grad,9,Married-civ-spouse,Sales,Husband,White,Male,7298,0,45,United-States
38,Self-emp-inc,,HS-grad,9,Married-civ-spouse,Exec-managerial,Husband,White,Male,5178,0,50,Portugal
64,Private,,Some-college,10,Widowed,Adm-clerical,Not-in-family,White,Female,0,0,40,United-States
25,Private,,Masters,14,Separated,Other-service,Own-child,White,Female,0,0,40,United-States
29,State-gov,,Bachelors,13,Married-civ-spouse,Prof-specialty,Husband,White,Male,0,0,25,Nicaragua
25,Private,,Some-college,10,Never-married,Other-service,Not-in-family,White,Male,0,0,25,United-States
56,Private,,Doctorate,16,Married-civ-spouse,Exec-managerial,Husband,White,Male,0,0,60,United-States
29,State-gov,,Some-college,10,Never-married,Other-service,Own-child,White,Female,0,0,40,United-States
54,Private,,Masters,14,Married-civ-spouse,Sales,Husband,White,Male,0,0,40,United-States
28,Private,,10th,6,Never-married,Transport-moving,Unmarried,White,Male,0,0,30,United-States
65,Federal-gov,,Some-college,10,Married-civ-spouse,Adm-clerical,Husband,White,Male,0,0,48,United-States
61,Self-emp-not-inc,,HS-grad,9,Married-civ-spouse,Craft-repair,Husband,White,Male,0,0,40,Germany
59,State-gov,,Some-college,10,Married-civ-spouse,Exec-managerial,Husband,White,Male,0,0,40,United-States
45,Private,,Assoc-voc,11,Married-civ-spouse,Exec-managerial,Wife,White,Female,0,0,40,United-States
49,Private,,9th,5,Married-spouse-absent,Other-service,Not-in-family,Black,Female,0,0,16,Jamaica
25,Private,,11th,7,Married-civ-spouse,Transport-moving,Husband,White,Male,5178,0,40,Poland
43,Local-gov,,Some-college,10,Divorced,Other-service,Unmarried,White,Female,0,0,20,United-States
52,Private,,Assoc-voc,11,Married-civ-spouse,Tech-support,Husband,White,Male,5013,0,40,United-States
33,Private,,Some-college,10,Never-married,Adm-clerical,Unmarried,White,Female,0,0,40,United-States
26,Private,,Assoc-acdm,12,Divorced,Prof-specialty,Unmarried,White,Female,0,0,45,United-States
31,Private,,Assoc-voc,11,Never-married,Adm-clerical,Not-in-family,White,Female,0,0,40,United-States
26,Private,,12th,8,Married-civ-spouse,Craft-repair,Husband,White,Male,0,0,40,United-States
29,Self-emp-not-inc,,HS-grad,9,Married-civ-spouse,Transport-moving,Husband,White,Male,0,0,45,United-States
44,Private,,11th,7,Separated,Other-service,Unmarried,Black,Female,0,0,60,United-States
51,Private,,HS-grad,9,Never-married,Craft-repair,Not-in-family,Black,Male,0,0,40,United-States
65,Local-gov,,HS-grad,9,Divorced,Adm-clerical,Not-in-family,White,Female,0,0,16,United-States
39,Private,,HS-grad,9,Married-civ-spouse,Sales,Husband,White,Male,0,0,50,United-States
36,Private,,Masters,14,Never-married,Adm-clerical,Not-in-family,White,Male,13550,0,50,United-States
26,Self-emp-not-inc,,Some-college,10,Separated,Craft-repair,Not-in-family,White,Male,0,0,30,United-States
44,Self-emp-not-inc,,Bachelors,13,Never-married,Sales,Not-in-family,White,Male,0,0,42,United-States
31,Private,,7th-8th,4,Divorced,Machine-op-inspct,Unmarried,White,Female,0,0,40,United-States
30,Private,,Some-college,10,Never-married,Craft-repair,Not-in-family,White,Male,0,0,40,United-States
67,Self-emp-not-inc,,7th-8th,4,Married-civ-spouse,Farming-fishing,Husband,White,Male,0,0,12,United-States
41,Private,,Masters,14,Never-married,Exec-managerial,Not-in-family,White,Male,27828,0,50,United-States
25,Private,,Some-college,10,Married-civ-spouse,Sales,Husband,White,Male,0,0,40,United-States
35,Local-gov,,HS-grad,9,Never-married,Sales,Own-child,Black,Male,0,0,38,United-States
24,Private,,HS-grad,9,Never-married,Adm-clerical,Own-child,White,Female,0,0,40,United-States
36,State-gov,,Masters,14,Never-married,Prof-specialty,Not-in-family,White,Male,0,0,40,United-States
20,Private,,HS-grad,9,Never-married,Other-service,Not-in-family,White,Female,0,0,38,United-States
21,Private,,HS-grad,9,Never-married,Handlers-cleaners,Not-in-family,Asian-Pac-Islander,Female,0,0,34,South
35,Private,,Bachelors,13,Married-civ-spouse,Sales,Husband,White,Male,0,0,40,United-States
37,Private,,Some-college,10,Married-civ-spouse,Machine-op-inspct,Husband,White,Male,0,0,40,United-States
51,Private,,HS-grad,9,Divorced,Other-service,Unmarried,White,Female,0,0,15,United-States
22,Self-emp-not-inc,,HS-grad,9,Never-married,Craft-repair,Other-relative,White,Male,0,0,20,United-States
29,Private,,Bachelors,13,Never-married,Prof-specialty,Not-in-family,White,Male,0,0,40,United-States
59,Private,,HS-grad,9,Married-civ-spouse,Craft-repair,Husband,White,Male,0,0,40,United-States
38,Private,,HS-grad,9,Married-civ-spouse,Machine-op-inspct,Husband,Black,Male,0,0,40,United-States
35,Local-gov,,Masters,14,Married-civ-spouse,Prof-specialty,Husband,White,Male,0,0,45,United-States
32,Private,,10th,6,Married-civ-spouse,Transport-moving,Husband,White,Male,0,0,40,United-States
31,Private,,Assoc-acdm,12,Married-civ-spouse,Machine-op-inspct,Husband,White,Male,0,0,55,United-States
53,Private,,HS-grad,9,Married-civ-spouse,Craft-repair,Husband,White,Male,0,0,40,United-States
33,Private,,Masters,14,Married-civ-spouse,Exec-managerial,Husband,White,Male,0,0,40,Dominican-Republic
59,Private,,HS-grad,9,Married-civ-spouse,Farming-fishing,Husband,White,Male,0,0,48,United-States
45,Local-gov,,Bachelors,13,Married-civ-spouse,Prof-specialty,Husband,White,Male,0,0,45,United-States
65,State-gov,,HS-grad,9,Married-civ-spouse,Adm-clerical,Husband,White,Male,0,2174,40,United-States
46,Private,,Bachelors,13,Divorced,Machine-op-inspct,Unmarried,Other,Female,0,0,40,Puerto-Rico
23,Private,,HS-grad,9,Never-married,Machine-op-inspct,Not-in-family,White,Male,0,0,40,United-States
60,Self-emp-not-inc,,HS-grad,9,Married-civ-spouse,Craft-repair,Husband,White,Male,0,0,42,United-States
22,Local-gov,,Bachelors,13,Never-married,Prof-specialty,Own-child,White,Female,0,0,35,United-States
25,Private,,HS-grad,9,Never-married,Craft-repair,Own-child,Black,Male,0,0,40,United-States
48,Private,,Bachelors,13,Never-married,Craft-repair,Not-in-family,White,Male,99999,0,60,United-States
48,Private,,HS-grad,9,Divorced,Transport-moving,Other-relative,White,Male,0,0,60,United-States
39,State-gov,,Some-college,10,Married-civ-spouse,Protective-serv,Husband,White,Male,0,0,40,United-States
23,Private,,Assoc-voc,11,Never-married,Adm-clerical,Not-in-family,White,Female,0,0,40,United-States
26,Private,,HS-grad,9,Never-married,Tech-support,Other-relative,White,Male,0,0,40,United-States
28,Private,,Some-college,10,Separated,Craft-repair,Unmarried,White,Male,0,0,50,United-States
53,Private,,HS-grad,9,Married-civ-spouse,Transport-moving,Husband,White,Male,0,0,40,United-States
25,Private,,HS-grad,9,Never-married,Tech-support,Not-in-family,White,Male,0,0,40,United-States
45,Private,,Assoc-acdm,12,Divorced,Exec-managerial,Unmarried,White,Male,0,0,40,United-States
57,Federal-gov,,HS-grad,9,Separated,Adm-clerical,Other-relative,Black,Female,0,0,35,United-States
46,Private,,HS-grad,9,Married-spouse-absent,Machine-op-inspct,Not-in-family,White,Female,0,0,40,Columbia
31,Private,,9th,5,Divorced,Adm-clerical,Not-in-family,White,Female,0,0,40,United-States
47,Private,,12th,8,Divorced,Handlers-cleaners,Not-in-family,Black,Male,0,0,40,United-States
59,Local-gov,,Bachelors,13,Married-civ-spouse,Prof-specialty,Husband,White,Male,0,0,40,United-States
56,State-gov,,Bachelors,13,Married-civ-spouse,Prof-specialty,Husband,White,Male,0,1902,48,United-States
24,Private,,HS-grad,9,Married-civ-spouse,Adm-clerical,Wife,White,Female,0,0,40,United-States
62,Private,,HS-grad,9,Never-married,Adm-clerical,Not-in-family,White,Female,0,0,38,United-States
38,Private,,Bachelors,13,Married-civ-spouse,Prof-specialty,Husband,White,Male,0,0,40,England
42,Private,,Bachelors,13,Married-civ-spouse,Exec-managerial,Husband,White,Male,15024,0,45,United-States
31,Private,,HS-grad,9,Married-spouse-absent,Handlers-cleaners,Not-in-family,White,Male,0,0,40,Mexico
26,Self-emp-not-inc,,HS-grad,9,Never-married,Craft-repair,Own-child,White,Male,0,0,50,United-States
48,Private,,10th,6,Married-civ-spouse,Transport-moving,Husband,White,Male,0,0,40,United-States
26,Private,,Some-college,10,Separated,Sales,Own-child,Amer-Indian-Eskimo,Male,2597,0,48,United-States
36,Self-emp-inc,,Some-college,10,Married-civ-spouse,Sales,Wife,White,Female,0,1902,15,United-States
40,Private,,HS-grad,9,Divorced,Exec-managerial,Not-in-family,White,Female,0,0,40,United-States
28,Private,,10th,6,Divorced,Handlers-cleaners,Not-in-family,White,Male,0,0,40,United-States
28,Private,,5th-6th,3,Never-married,Craft-repair,Not-in-family,White,Male,0,0,40,Columbia
41,Private,,HS-grad,9,Divorced,Craft-repair,Own-child,White,Male,0,0,40,United-States
51,State-gov,,Some-college,10,Divorced,Adm-clerical,Unmarried,White,Female,0,0,35,United-States
45,Local-gov,,Masters,14,Divorced,Prof-specialty,Own-child,White,Female,0,0,55,United-States
32,Private,,11th,7,Married-civ-spouse,Craft-repair,Husband,White,Male,0,0,40,United-States
39,Private,,Bachelors,13,Never-married,Tech-support,Not-in-family,White,Female,0,1669,40,United-States
28,Private,,Some-college,10,Never-married,Adm-clerical,Not-in-family,White,Female,0,0,60,United-States
25,Private,,Assoc-acdm,12,Never-married,Exec-managerial,Own-child,White,Male,0,0,45,United-States
46,Self-emp-inc,,Bachelors,13,Married-civ-spouse,Sales,Husband,White,Male,0,0,55,United-States
45,Self-emp-not-inc,,Bachelors,13,Divorced,Prof-specialty,Not-in-family,White,Male,0,0,35,United-States
58,Self-emp-not-inc,,Doctorate,16,Married-AF-spouse,Exec-managerial,Wife,White,Female,0,1485,35,United-States
39,Private,,HS-grad,9,Divorced,Priv-house-serv,Unmarried,Black,Female,0,0,16,United-States
40,Private,,11th,7,Married-civ-spouse,Craft-repair,Husband,White,Male,0,0,50,United-States
48,Private,,HS-grad,9,Married-civ-spouse,Craft-repair,Husband,White,Male,0,0,40,United-States
29,Private,,HS-grad,9,Never-married,Handlers-cleaners,Not-in-family,Black,Male,0,0,40,United-States
60,Private,,Bachelors,13,Married-civ-spouse,Sales,Husband,White,Male,0,0,46,United-States
54,Private,,HS-grad,9,Married-civ-spouse,Other-service,Husband,White,Male,0,0,50,United-States
39,Private,,Masters,14,Divorced,Prof-specialty,Not-in-family,White,Female,0,0,45,United-States
18,Private,,11th,7,Never-married,Sales,Own-child,Black,Female,0,0,8,United-States
64,Private,,HS-grad,9,Widowed,Adm-clerical,Not-in-family,White,Female,0,0,40,United-States
41,Self-emp-inc,,HS-grad,9,Married-civ-spouse,Exec-managerial,Husband,Asian-Pac-Islander,Male,0,1887,70,South
25,Private,,Bachelors,13,Never-married,Prof-specialty,Own-child,White,Female,0,0,40,United-States
21,Private,,HS-grad,9,Never-married,Other-service,Not-in-family,White,Male,0,0,35,United-States
23,Private,,Bachelors,13,Never-married,Adm-clerical,Not-in-family,White,Female,0,0,40,United-States
56,Federal-gov,,Bachelors,13,Married-civ-spouse,Exec-managerial,Husband,White,Male,7688,0,40,United-States
26,Private,,Bachelors,13,Never-married,Exec-managerial,Not-in-family,Asian-Pac-Islander,Female,0,0,40,Poland
39,State-gov,,Bachelors,13,Married-civ-spouse,Exec-managerial,Husband,White,Male,0,0,40,United-States
35,Self-emp-not-inc,,Bachelors,13,Married-civ-spouse,Prof-specialty,Husband,White,Male,0,0,40,United-States
53,Private,,Some-college,10,Married-civ-spouse,Tech-support,Husband,White,Male,0,0,40,United-States
40,Private,,11th,7,Married-civ-spouse,Craft-repair,Husband,White,Male,0,0,45,Mexico
37,Private,,HS-grad,9,Married-civ-spouse,Exec-managerial,Husband,White,Male,0,1887,50,United-States
35,Private,,HS-grad,9,Married-civ-spouse,Machine-op-inspct,Husband,White,Male,0,0,40,United-States
43,Private,,Some-college,10,Married-civ-spouse,Transport-moving,Husband,White,Male,0,0,45,United-States
21,Private,,Some-college,10,Never-married,Sales,Own-child,White,Male,0,0,45,United-States
25,Private,,Bachelors,13,Never-married,Sales,Not-in-family,White,Female,0,1876,40,United-States
41,Private,,HS-grad,9,Married-civ-spouse,Craft-repair,Husband,White,Male,0,0,45,United-States
28,Private,,HS-grad,9,Separated,Transport-moving,Own-child,White,Female,0,0,17,United-States
47,Self-emp-inc,,Some-college,10,Married-civ-spouse,Farming-fishing,Husband,White,Male,0,0,40,United-States
19,Private,,11th,7,Never-married,Priv-house-serv,Not-in-family,White,Female,0,0,35,United-States
25,Private,,Assoc-acdm,12,Never-married,Tech-support,Not-in-family,White,Female,0,2001,30,United-States
36,Private,,Masters,14,Separated,Exec-managerial,Not-in-family,White,Female,0,0,50,United-States
29,Private,,1st-4th,2,Never-married,Other-service,Not-in-family,White,Male,0,0,20,El-Salvador
67,Self-emp-not-inc,,HS-grad,9,Married-civ-spouse,Farming-fishing,Husband,White,Male,0,0,55,United-States
53,Self-emp-not-inc,,1st-4th,2,Married-civ-spouse,Exec-managerial,Husband,White,Male,7688,0,67,Italy
67,Private,,HS-grad,9,Widowed,Other-service,Not-in-family,White,Female,0,0,24,United-States
20,Private,,HS-grad,9,Never-married,Machine-op-inspct,Own-child,White,Male,4416,0,53,United-States
26,Private,,HS-grad,9,Never-married,Machine-op-inspct,Not-in-family,White,Male,0,0,52,United-States
43,Private,,Bachelors,13,Married-civ-spouse,Exec-managerial,Husband,White,Male,0,0,45,United-States
26,Private,,HS-grad,9,Never-married,Adm-clerical,Not-in-family,White,Female,0,0,40,United-States
25,Private,,HS-grad,9,Never-married,Machine-op-inspct,Not-in-family,Black,Male,0,0,40,United-States
34,Private,,Assoc-voc,11,Married-civ-spouse,Exec-managerial,Wife,White,Female,0,0,40,Puerto-Rico
59,Self-emp-inc,,Prof-school,15,Divorced,Prof-specialty,Not-in-family,White,Male,13550,0,40,United-States
30,Private,,HS-grad,9,Married-civ-spouse,Sales,Husband,White,Male,0,0,40,United-States
34,Private,,11th,7,Married-civ-spouse,Other-service,Wife,White,Female,0,0,23,United-States
24,Private,,HS-grad,9,Never-married,Craft-repair,Own-child,White,Male,0,1408,50,United-States
25,Self-emp-not-inc,,HS-grad,9,Never-married,Other-service,Not-in-family,White,Male,0,0,8,United-States
34,Self-emp-not-inc,,Assoc-voc,11,Married-civ-spouse,Exec-managerial,Husband,White,Male,0,0,60,United-States
55,Self-emp-not-inc,,Masters,14,Divorced,Exec-managerial,Not-in-family,White,Male,0,0,45,United-States
67,Private,,Bachelors,13,Married-civ-spouse,Prof-specialty,Husband,White,Male,0,0,2,United-States
39,Private,,Some-college,10,Divorced,Sales,Own-child,White,Male,0,1380,70,United-States
27,Private,,Masters,14,Married-civ-spouse,Prof-specialty,Husband,White,Male,0,0,55,United-States
17,Private,,11th,7,Never-married,Sales,Own-child,White,Female,0,0,20,United-States
24,Private,,Some-college,10,Never-married,Adm-clerical,Own-child,White,Female,0,0,40,United-States
35,Private,,Some-college,10,Married-civ-spouse,Tech-support,Husband,White,Male,0,0,40,United-States
37,Local-gov,,Masters,14,Married-civ-spouse,Prof-specialty,Wife,White,Female,0,0,45,United-States
